id,user_login,user_pass,user_nicename,user_email,user_url,user_registered,user_activation_key,user_status,display_name,meta_wp_ocs_user_role,meta_wp_ocs_user_level,meta_dismissed_wp_pointers,meta_last_name,meta_paying_customer,meta_nickname,meta_first_name,meta_description,meta_rich_editing,meta_comment_shortcuts,meta_admin_color,meta_use_ssl,meta_show_admin_bar_front,meta__money_spent,meta__order_count,meta_billing_first_name,meta_billing_last_name,meta_billing_company,meta_billing_email,meta_billing_phone,meta_billing_country,meta_billing_address_1,meta_billing_address_2,meta_billing_city,meta_billing_state,meta_billing_postcode,meta_shipping_first_name,meta_shipping_last_name,meta_shipping_company,meta_shipping_country,meta_shipping_address_1,meta_shipping_address_2,meta_shipping_city,meta_shipping_state,meta_shipping_postcode,meta_sesssion_tokens,meta__woocommerce_persistent_cart,meta_manageedit-shop_ordercolumnshidden,next_del_date,vmax_type,vmax_id,
0,,Web123,"0616 POS: 0616",,,,,0,"0616 POS: 0616",3333:54,0,,,1,"0616 POS: 0616",,"0616 POS: 0616",TRUE,FALSE,fresh,0,TRUE,,,',',',',',',',',',',',,,,,,,,,,,,,2019-01-01,P,3333:54
0,,Web123,"0616 POS: 0622",,,,,0,"0616 POS: 0622",3333:62,0,,,1,"0616 POS: 0622",,"0616 POS: 0622",TRUE,FALSE,fresh,0,TRUE,,,',',',',',',',',',',',,,,,,,,,,,,,2019-01-01,P,3333:62
0,,Web123,"0616 POS: 100vmd14",,,,,0,"0616 POS: 100vmd14",3333:206,0,,,1,"0616 POS: 100vmd14",,"0616 POS: 100vmd14",TRUE,FALSE,fresh,0,TRUE,,,',',',',',',',',',',',,,,,,,,,,,,,2019-01-01,P,3333:206
0,,Web123,"0619 CUS POS: 0619",,,,,0,"0619 CUS POS: 0619",3333:55,0,,,1,"0619 CUS POS: 0619",,"0619 CUS POS: 0619",TRUE,FALSE,fresh,0,TRUE,,,',',',',',',',',anytown,',06360,,,,,,,anytown,,06360,,,,2019-01-01,P,3333:55
0,,Web123,"0619 CUS POS: 1410POSdes",,,,,0,"0619 CUS POS: 1410POSdes",3333:211,0,,,1,"0619 CUS POS: 1410POSdes",,"0619 CUS POS: 1410POSdes",TRUE,FALSE,fresh,0,TRUE,,,',',',',',',',',anytown,',06360,,,,,,,anytown,,06360,,,,2019-01-01,P,3333:211
0,,Web123,"0619 CUS POS: 1415POSdes",,,,,0,"0619 CUS POS: 1415POSdes",3333:212,0,,,1,"0619 CUS POS: 1415POSdes",,"0619 CUS POS: 1415POSdes",TRUE,FALSE,fresh,0,TRUE,,,',',',',',',',',anytown,',06360,,,,,,,anytown,,06360,,,,2019-01-01,P,3333:212
0,,Web123,"0624 POS: 0624",,,,,0,"0624 POS: 0624",3333:63,0,,,1,"0624 POS: 0624",,"0624 POS: 0624",TRUE,FALSE,fresh,0,TRUE,,,',',',',',',',',',',',,,,,,,anytown,,06360,,,,2019-01-01,P,3333:63
0,,Web123,"0625 POS: 0625",,,,,0,"0625 POS: 0625",3333:64,0,,,1,"0625 POS: 0625",,"0625 POS: 0625",TRUE,FALSE,fresh,0,TRUE,,,',',',',',',',',',',',,,,,,,anytown,,06360,,,,2019-01-01,P,3333:64
0,,Web123,"0628 POS: 0628",,,,,0,"0628 POS: 0628",3333:65,0,,,1,"0628 POS: 0628",,"0628 POS: 0628",TRUE,FALSE,fresh,0,TRUE,,,',',',',',',',',',',',,,,,,,anytown,,06360,,,,2019-01-01,P,3333:65
0,,Web123,"1107040A POS: 1107040A",,,,,0,"1107040A POS: 1107040A",3333:214,0,,,1,"1107040A POS: 1107040A",,"1107040A POS: 1107040A",TRUE,FALSE,fresh,0,TRUE,,,',',1107040A,',617-445-5555,',"1107040 Any St",#1107040,Anywhere,CT,06360,,,1107040A,,"1107040 Any St",#1107040,Anywhere,CT,06360,,,,2019-01-01,P,3333:214
0,,Web123,"1107040A POS: 1107040DA",,,,,0,"1107040A POS: 1107040DA",3338:1,0,,,1,"1107040A POS: 1107040DA",,"1107040A POS: 1107040DA",TRUE,FALSE,fresh,0,TRUE,,,',',1107040A,',617-445-5555,',"1107040 Any St",#1107040,Anywhere,CT,06360,,,1107040A,,"1107040 Any St",#1107040,Anywhere,CT,06360,,,,2019-01-01,P,3338:1
0,,Web123,"1107040A POS: 1107040VA",,,,,0,"1107040A POS: 1107040VA",3338:2,0,,,1,"1107040A POS: 1107040VA",,"1107040A POS: 1107040VA",TRUE,FALSE,fresh,0,TRUE,,,',',1107040A,',617-445-5555,',"1107040 Any St",#1107040,Anywhere,CT,06360,,,1107040A,,"1107040 Any St",#1107040,Anywhere,CT,06360,,,,2019-01-01,P,3338:2
0,,Web123,"1107040A POS: 1107040VB",,,,,0,"1107040A POS: 1107040VB",3338:3,0,,,1,"1107040A POS: 1107040VB",,"1107040A POS: 1107040VB",TRUE,FALSE,fresh,0,TRUE,,,',',1107040A,',617-445-5555,',"1107040 Any St",#1107040,Anywhere,CT,06360,,,1107040A,,"1107040 Any St",#1107040,Anywhere,CT,06360,,,,2019-01-01,P,3338:3
0,,Web123,"1107040A POS: 1107040VC",,,,,0,"1107040A POS: 1107040VC",3338:4,0,,,1,"1107040A POS: 1107040VC",,"1107040A POS: 1107040VC",TRUE,FALSE,fresh,0,TRUE,,,',',1107040A,',617-445-5555,',"1107040 Any St",#1107040,Anywhere,CT,06360,,,1107040A,,"1107040 Any St",#1107040,Anywhere,CT,06360,,,,2019-01-01,P,3338:4
0,,Web123,"1107040A POS: 1425POSdes",,,,,0,"1107040A POS: 1425POSdes",3333:215,0,,,1,"1107040A POS: 1425POSdes",,"1107040A POS: 1425POSdes",TRUE,FALSE,fresh,0,TRUE,,,',',1107040A,',617-445-5555,',"1107040 Any St",#1107040,Anywhere,CT,06360,,,1107040A,,"1107040 Any St",#1107040,Anywhere,CT,06360,,,,2019-01-01,P,3333:215
0,,Web123,"1107040A:001 POS: 1107040DA:001",,,,,0,"1107040A:001 POS: 1107040DA:001",3333:32,0,,,1,"1107040A:001 POS: 1107040DA:001",,"1107040A:001 POS: 1107040DA:001",TRUE,FALSE,fresh,0,TRUE,,,',',1107040A,',617-445-5555,',"1107040 Any St",#1107040,Anywhere,CT,06360,,,1107040A,,"1107040 Any St",#1107040,Anywhere,CT,06360,,,,2019-01-01,P,3333:32
0,,Web123,"1107040A:001 POS: 1107040VA:001",,,,,0,"1107040A:001 POS: 1107040VA:001",3333:35,0,,,1,"1107040A:001 POS: 1107040VA:001",,"1107040A:001 POS: 1107040VA:001",TRUE,FALSE,fresh,0,TRUE,,,',',1107040A,',617-445-5555,',"1107040 Any St",#1107040,Anywhere,CT,06360,,,1107040A,,"1107040 Any St",#1107040,Anywhere,CT,06360,,,,2019-01-01,P,3333:35
0,,Web123,"1107040A:001 POS: 1107040VB:001",,,,,0,"1107040A:001 POS: 1107040VB:001",3333:36,0,,,1,"1107040A:001 POS: 1107040VB:001",,"1107040A:001 POS: 1107040VB:001",TRUE,FALSE,fresh,0,TRUE,,,',',1107040A,',617-445-5555,',"1107040 Any St",#1107040,Anywhere,CT,06360,,,1107040A,,"1107040 Any St",#1107040,Anywhere,CT,06360,,,,2019-01-01,P,3333:36
0,,Web123,"1107040A:001 POS: 1107040VC:001",,,,,0,"1107040A:001 POS: 1107040VC:001",3333:37,0,,,1,"1107040A:001 POS: 1107040VC:001",,"1107040A:001 POS: 1107040VC:001",TRUE,FALSE,fresh,0,TRUE,,,',',1107040A,',617-445-5555,',"1107040 Any St",#1107040,Anywhere,CT,06360,,,1107040A,,"1107040 Any St",#1107040,Anywhere,CT,06360,,,,2019-01-01,P,3333:37
0,,Web123,"1107040B POS: 1107040DB",,,,,0,"1107040B POS: 1107040DB",3333:33,0,,,1,"1107040B POS: 1107040DB",,"1107040B POS: 1107040DB",TRUE,FALSE,fresh,0,TRUE,,,',',1107040B,',617-445-5556,',"1107041 Any St",#1107041,Anywhere1107041,CT,55678-8979,,,1107040B,,"1107041 Any St",#1107041,Anywhere1107041,CT,55678-8979,,,,2019-01-01,P,3333:33
0,,Web123,"1107040B POS: 1400ABdes",,,,,0,"1107040B POS: 1400ABdes",3333:207,0,,,1,"1107040B POS: 1400ABdes",,"1107040B POS: 1400ABdes",TRUE,FALSE,fresh,0,TRUE,,,',',1107040B,',617-445-5556,',"1107041 Any St",#1107041,Anywhere1107041,CT,55678-8979,,,1107040B,,"1107041 Any St",#1107041,Anywhere1107041,CT,55678-8979,,,,2019-01-01,P,3333:207
0,,Web123,"1107040B POS: 1440POS",,,,,0,"1107040B POS: 1440POS",3333:217,0,,,1,"1107040B POS: 1440POS",,"1107040B POS: 1440POS",TRUE,FALSE,fresh,0,TRUE,,,',',1107040B,',617-445-5556,',"1107041 Any St",#1107041,Anywhere1107041,CT,55678-8979,,,1107040B,,"1107041 Any St",#1107041,Anywhere1107041,CT,55678-8979,,,,2019-01-01,P,3333:217
0,,Web123,"1107040C POS: 1107040DC",,,,,0,"1107040C POS: 1107040DC",3333:34,0,,,1,"1107040C POS: 1107040DC",,"1107040C POS: 1107040DC",TRUE,FALSE,fresh,0,TRUE,,,',',1107040C,',617-445-5557,',"1107042 Any St",#1107042,Anywhere1107042,CT,55678-8980,,,1107040C,,"1107042 Any St",#1107042,Anywhere1107042,CT,55678-8980,,,,2019-01-01,P,3333:34
0,,Web123,"1217 POS: 1217",,,,,0,"1217 POS: 1217",3333:31,0,,,1,"1217 POS: 1217",,"1217 POS: 1217",TRUE,FALSE,fresh,0,TRUE,,,',',',',',',',',',',',,,1107040C,,"1107042 Any St",#1107042,Anywhere1107042,CT,55678-8980,,,,2019-01-01,P,3333:31
0,,Web123,"1260A POS: 1260DA",,,,,0,"1260A POS: 1260DA",3333:48,0,,,1,"1260A POS: 1260DA",,"1260A POS: 1260DA",TRUE,FALSE,fresh,0,TRUE,,,',',1260A,',617-445-5555,',"1260 Any St",#1260,Anywhere1260,CT,55678-8978,,,1260A,,"1260 Any St",#1260,Anywhere1260,CT,55678-8978,,,,2019-01-01,P,3333:48
0,,Web123,"1260A POS: 1260VAs",,,,,0,"1260A POS: 1260VAs",3333:51,0,,,1,"1260A POS: 1260VAs",,"1260A POS: 1260VAs",TRUE,FALSE,fresh,0,TRUE,,,',',1260A,',617-445-5555,',"1260 Any St",#1260,Anywhere1260,CT,55678-8978,,,1260A,,"1260 Any St",#1260,Anywhere1260,CT,55678-8978,,,,2019-01-01,P,3333:51
0,,Web123,"1260A POS: 1260VB",,,,,0,"1260A POS: 1260VB",3333:52,0,,,1,"1260A POS: 1260VB",,"1260A POS: 1260VB",TRUE,FALSE,fresh,0,TRUE,,,',',1260A,',617-445-5555,',"1260 Any St",#1260,Anywhere1260,CT,55678-8978,,,1260A,,"1260 Any St",#1260,Anywhere1260,CT,55678-8978,,,,2019-01-01,P,3333:52
0,,Web123,"1260A POS: 1260VC",,,,,0,"1260A POS: 1260VC",3333:53,0,,,1,"1260A POS: 1260VC",,"1260A POS: 1260VC",TRUE,FALSE,fresh,0,TRUE,,,',',1260A,',617-445-5555,',"1260 Any St",#1260,Anywhere1260,CT,55678-8978,,,1260A,,"1260 Any St",#1260,Anywhere1260,CT,55678-8978,,,,2019-01-01,P,3333:53
0,,Web123,"1260B POS: 1260B",,,,,0,"1260B POS: 1260B",3333:193,0,,,1,"1260B POS: 1260B",,"1260B POS: 1260B",TRUE,FALSE,fresh,0,TRUE,,,',',1260B,',617-445-5556,',"1261 Any St",#1261,Anywhere1261,CT,55678-8979,,,1260B,,"1261 Any St",#1261,Anywhere1261,CT,55678-8979,,,,2019-01-01,P,3333:193
0,,Web123,"1260B POS: 1260DB",,,,,0,"1260B POS: 1260DB",3333:49,0,,,1,"1260B POS: 1260DB",,"1260B POS: 1260DB",TRUE,FALSE,fresh,0,TRUE,,,',',1260B,',617-445-5556,',"1261 Any St",#1261,Anywhere1261,CT,55678-8979,,,1260B,,"1261 Any St",#1261,Anywhere1261,CT,55678-8979,,,,2019-01-01,P,3333:49
0,,Web123,"1260B POS: 1435POS",,,,,0,"1260B POS: 1435POS",3333:216,0,,,1,"1260B POS: 1435POS",,"1260B POS: 1435POS",TRUE,FALSE,fresh,0,TRUE,,,',',1260B,',617-445-5556,',"1261 Any St",#1261,Anywhere1261,CT,55678-8979,,,1260B,,"1261 Any St",#1261,Anywhere1261,CT,55678-8979,,,,2019-01-01,P,3333:216
0,,Web123,"1260C POS: 1260DC",,,,,0,"1260C POS: 1260DC",3333:50,0,,,1,"1260C POS: 1260DC",,"1260C POS: 1260DC",TRUE,FALSE,fresh,0,TRUE,,,',',1260C,',617-445-5557,',"1262 Any St",#1262,Anywhere1262,CT,55678-8980,,,1260C,,"1262 Any St",#1262,Anywhere1262,CT,55678-8980,,,,2019-01-01,P,3333:50
0,,Web123,"1260C POS: 1445POS",,,,,0,"1260C POS: 1445POS",3333:218,0,,,1,"1260C POS: 1445POS",,"1260C POS: 1445POS",TRUE,FALSE,fresh,0,TRUE,,,',',1260C,',617-445-5557,',"1262 Any St",#1262,Anywhere1262,CT,55678-8980,,,1260C,,"1262 Any St",#1262,Anywhere1262,CT,55678-8980,,,,2019-01-01,P,3333:218
0,,Web123,"126A POS: 126DA",,,,,0,"126A POS: 126DA",3333:44,0,,,1,"126A POS: 126DA",,"126A POS: 126DA",TRUE,FALSE,fresh,0,TRUE,,,',',126A,',617-445-5555,',"126 Any St",#126,Anywhere126,CT,55678-8978,,,126A,,"126 Any St",#126,Anywhere126,CT,55678-8978,,,,2019-01-01,P,3333:44
0,,Web123,"126A POS: 126VA",,,,,0,"126A POS: 126VA",3333:45,0,,,1,"126A POS: 126VA",,"126A POS: 126VA",TRUE,FALSE,fresh,0,TRUE,,,',',126A,',617-445-5555,',"126 Any St",#126,Anywhere126,CT,55678-8978,,,126A,,"126 Any St",#126,Anywhere126,CT,55678-8978,,,,2019-01-01,P,3333:45
0,,Web123,"126A POS: 126VB",,,,,0,"126A POS: 126VB",3333:46,0,,,1,"126A POS: 126VB",,"126A POS: 126VB",TRUE,FALSE,fresh,0,TRUE,,,',',126A,',617-445-5555,',"126 Any St",#126,Anywhere126,CT,55678-8978,,,126A,,"126 Any St",#126,Anywhere126,CT,55678-8978,,,,2019-01-01,P,3333:46
0,,Web123,"126A POS: 126VC",,,,,0,"126A POS: 126VC",3333:47,0,,,1,"126A POS: 126VC",,"126A POS: 126VC",TRUE,FALSE,fresh,0,TRUE,,,',',126A,',617-445-5555,',"126 Any St",#126,Anywhere126,CT,55678-8978,,,126A,,"126 Any St",#126,Anywhere126,CT,55678-8978,,,,2019-01-01,P,3333:47
0,,Web123,"126A:001 POS: 126DA:001",,,,,0,"126A:001 POS: 126DA:001",3333:38,0,,,1,"126A:001 POS: 126DA:001",,"126A:001 POS: 126DA:001",TRUE,FALSE,fresh,0,TRUE,,,',',126A,',617-445-5555,',"126 Any St",#126,Anywhere126,CT,55678-8978,,,126A,,"126 Any St",#126,Anywhere126,CT,55678-8978,,,,2019-01-01,P,3333:38
0,,Web123,"126A:001 POS: 126VA:001",,,,,0,"126A:001 POS: 126VA:001",3333:41,0,,,1,"126A:001 POS: 126VA:001",,"126A:001 POS: 126VA:001",TRUE,FALSE,fresh,0,TRUE,,,',',126A,',617-445-5555,',"126 Any St",#126,Anywhere126,CT,55678-8978,,,126A,,"126 Any St",#126,Anywhere126,CT,55678-8978,,,,2019-01-01,P,3333:41
0,,Web123,"126A:001 POS: 126VB:001",,,,,0,"126A:001 POS: 126VB:001",3333:42,0,,,1,"126A:001 POS: 126VB:001",,"126A:001 POS: 126VB:001",TRUE,FALSE,fresh,0,TRUE,,,',',126A,',617-445-5555,',"126 Any St",#126,Anywhere126,CT,55678-8978,,,126A,,"126 Any St",#126,Anywhere126,CT,55678-8978,,,,2019-01-01,P,3333:42
0,,Web123,"126A:001 POS: 126VC:001",,,,,0,"126A:001 POS: 126VC:001",3333:43,0,,,1,"126A:001 POS: 126VC:001",,"126A:001 POS: 126VC:001",TRUE,FALSE,fresh,0,TRUE,,,',',126A,',617-445-5555,',"126 Any St",#126,Anywhere126,CT,55678-8978,,,126A,,"126 Any St",#126,Anywhere126,CT,55678-8978,,,,2019-01-01,P,3333:43
0,,Web123,"126A:001 POS: 1420POSdes",,,,,0,"126A:001 POS: 1420POSdes",3333:213,0,,,1,"126A:001 POS: 1420POSdes",,"126A:001 POS: 1420POSdes",TRUE,FALSE,fresh,0,TRUE,,,',',126A,',617-445-5555,',"126 Any St",#126,Anywhere126,CT,55678-8978,,,126A,,"126 Any St",#126,Anywhere126,CT,55678-8978,,,,2019-01-01,P,3333:213
0,,Web123,"126B POS: 126DB",,,,,0,"126B POS: 126DB",3333:39,0,,,1,"126B POS: 126DB",,"126B POS: 126DB",TRUE,FALSE,fresh,0,TRUE,,,',',126B,',617-445-5556,',"127 Any St",#127,Anywhere127,CT,55678-8979,,,126B,,"127 Any St",#127,Anywhere127,CT,55678-8979,,,,2019-01-01,P,3333:39
0,,Web123,"126B POS: 1460POS",,,,,0,"126B POS: 1460POS",3333:221,0,,,1,"126B POS: 1460POS",,"126B POS: 1460POS",TRUE,FALSE,fresh,0,TRUE,,,',',126B,',617-445-5556,',"127 Any St",#127,Anywhere127,CT,55678-8979,,,126B,,"127 Any St",#127,Anywhere127,CT,55678-8979,,,,2019-01-01,P,3333:221
0,,Web123,"126C POS: 126DC",,,,,0,"126C POS: 126DC",3333:40,0,,,1,"126C POS: 126DC",,"126C POS: 126DC",TRUE,FALSE,fresh,0,TRUE,,,',',126C,',617-445-5557,',"128 Any St",#128,Anywhere128,CT,55678-8980,,,126C,,"128 Any St",#128,Anywhere128,CT,55678-8980,,,,2019-01-01,P,3333:40
0,,Web123,"1270A POS: 1270DA",,,,,0,"1270A POS: 1270DA",3333:56,0,,,1,"1270A POS: 1270DA",,"1270A POS: 1270DA",TRUE,FALSE,fresh,0,TRUE,,,',',1270A,',617-445-5555,',"1270 Any St",#1270,Anywhere1270,CT,55678-8978,,,1270A,,"1270 Any St",#1270,Anywhere1270,CT,55678-8978,,,,2019-01-01,P,3333:56
0,,Web123,"1270A POS: 1270VA",,,,,0,"1270A POS: 1270VA",3333:59,0,,,1,"1270A POS: 1270VA",,"1270A POS: 1270VA",TRUE,FALSE,fresh,0,TRUE,,,',',1270A,',617-445-5555,',"1270 Any St",#1270,Anywhere1270,CT,55678-8978,,,1270A,,"1270 Any St",#1270,Anywhere1270,CT,55678-8978,,,,2019-01-01,P,3333:59
0,,Web123,"1270A POS: 1270VB",,,,,0,"1270A POS: 1270VB",3333:60,0,,,1,"1270A POS: 1270VB",,"1270A POS: 1270VB",TRUE,FALSE,fresh,0,TRUE,,,',',1270A,',617-445-5555,',"1270 Any St",#1270,Anywhere1270,CT,55678-8978,,,1270A,,"1270 Any St",#1270,Anywhere1270,CT,55678-8978,,,,2019-01-01,P,3333:60
0,,Web123,"1270A POS: 1270VC",,,,,0,"1270A POS: 1270VC",3333:61,0,,,1,"1270A POS: 1270VC",,"1270A POS: 1270VC",TRUE,FALSE,fresh,0,TRUE,,,',',1270A,',617-445-5555,',"1270 Any St",#1270,Anywhere1270,CT,55678-8978,,,1270A,,"1270 Any St",#1270,Anywhere1270,CT,55678-8978,,,,2019-01-01,P,3333:61
0,,Web123,"1270A POS: 1450POS",,,,,0,"1270A POS: 1450POS",3333:219,0,,,1,"1270A POS: 1450POS",,"1270A POS: 1450POS",TRUE,FALSE,fresh,0,TRUE,,,',',1270A,',617-445-5555,',"1270 Any St",#1270,Anywhere1270,CT,55678-8978,,,1270A,,"1270 Any St",#1270,Anywhere1270,CT,55678-8978,,,,2019-01-01,P,3333:219
0,,Web123,"1270B POS: 1270DB",,,,,0,"1270B POS: 1270DB",3333:57,0,,,1,"1270B POS: 1270DB",,"1270B POS: 1270DB",TRUE,FALSE,fresh,0,TRUE,,,',',1270B,',617-445-5556,',"1271 Any St",#1271,Anywhere1271,CT,55678-8979,,,1270B,,"1271 Any St",#1271,Anywhere1271,CT,55678-8979,,,,2019-01-01,P,3333:57
0,,Web123,"1270C POS: 1270DC",,,,,0,"1270C POS: 1270DC",3333:58,0,,,1,"1270C POS: 1270DC",,"1270C POS: 1270DC",TRUE,FALSE,fresh,0,TRUE,,,',',1270C,',617-445-5557,',"1272 Any St",#1272,Anywhere1272,CT,55678-8980,,,1270C,,"1272 Any St",#1272,Anywhere1272,CT,55678-8980,,,,2019-01-01,P,3333:58
0,3333388@1280APOS:1280DA,Web123,"1280A POS: 1280DA",3333388@1280APOS:1280DA,,,,0,"1280A POS: 1280DA",3333:66,0,,22,1,"1280A POS: 1280DA",22,"1280A POS: 1280DA",TRUE,FALSE,fresh,0,TRUE,,,22,22,1280A,',617-445-5555,',"1280 Any St",#1280,Anywhere1280,CT,55678-8978,22,22,1280A,,"1280 Any St",#1280,Anywhere1280,CT,55678-8978,,,,2019-01-01,P,3333:66
0,3333388@1280APOS:1280DA,Web123,"1280B POS: 1280DB",3333388@1280APOS:1280DA,,,,0,"1280B POS: 1280DB",3333:67,0,,,1,"1280B POS: 1280DB",,"1280B POS: 1280DB",TRUE,FALSE,fresh,0,TRUE,,,',',1280B,',617-445-5556,',"1281 Any St",#1281,Anywhere1281,CT,55678-8979,,,1280B,,"1281 Any St",#1281,Anywhere1281,CT,55678-8979,,,,2019-01-01,P,3333:67
0,3333388@1280APOS:1280DA,Web123,"1280C POS: 1280DC",3333388@1280APOS:1280DA,,,,0,"1280C POS: 1280DC",3333:68,0,,,1,"1280C POS: 1280DC",,"1280C POS: 1280DC",TRUE,FALSE,fresh,0,TRUE,,,',',1280C,',617-445-5557,',"1282 Any St",#1282,Anywhere1282,CT,55678-8980,,,1280C,,"1282 Any St",#1282,Anywhere1282,CT,55678-8980,,,,2019-01-01,P,3333:68
0,3333388@1280APOS:1280DA,Web123,"1290A POS: 1290DA",3333388@1280APOS:1280DA,,,,0,"1290A POS: 1290DA",3333:69,0,,,1,"1290A POS: 1290DA",,"1290A POS: 1290DA",TRUE,FALSE,fresh,0,TRUE,,,',',1290A,',617-445-5555,',"1290 Any St",#1290,Anywhere1290,CT,55678-8978,,,1290A,,"1290 Any St",#1290,Anywhere1290,CT,55678-8978,,,,2019-01-01,P,3333:69
0,3333388@1280APOS:1280DA,Web123,"1290A POS: 1290VA",3333388@1280APOS:1280DA,,,,0,"1290A POS: 1290VA",3333:72,0,,,1,"1290A POS: 1290VA",,"1290A POS: 1290VA",TRUE,FALSE,fresh,0,TRUE,,,',',1290A,',617-445-5555,',"1290 Any St",#1290,Anywhere1290,CT,55678-8978,,,1290A,,"1290 Any St",#1290,Anywhere1290,CT,55678-8978,,,,2019-01-01,P,3333:72
0,3333388@1280APOS:1280DA,Web123,"1290A POS: 1290VB",3333388@1280APOS:1280DA,,,,0,"1290A POS: 1290VB",3333:73,0,,,1,"1290A POS: 1290VB",,"1290A POS: 1290VB",TRUE,FALSE,fresh,0,TRUE,,,',',1290A,',617-445-5555,',"1290 Any St",#1290,Anywhere1290,CT,55678-8978,,,1290A,,"1290 Any St",#1290,Anywhere1290,CT,55678-8978,,,,2019-01-01,P,3333:73
0,3333388@1280APOS:1280DA,Web123,"1290A POS: 1290VC",3333388@1280APOS:1280DA,,,,0,"1290A POS: 1290VC",3333:74,0,,,1,"1290A POS: 1290VC",,"1290A POS: 1290VC",TRUE,FALSE,fresh,0,TRUE,,,',',1290A,',617-445-5555,',"1290 Any St",#1290,Anywhere1290,CT,55678-8978,,,1290A,,"1290 Any St",#1290,Anywhere1290,CT,55678-8978,,,,2019-01-01,P,3333:74
0,3333388@1280APOS:1280DA,Web123,"1290B POS: 1290DB",3333388@1280APOS:1280DA,,,,0,"1290B POS: 1290DB",3333:70,0,,,1,"1290B POS: 1290DB",,"1290B POS: 1290DB",TRUE,FALSE,fresh,0,TRUE,,,',',1290B,',617-445-5556,',"1291 Any St",#1291,Anywhere1291,CT,55678-8979,,,1290B,,"1291 Any St",#1291,Anywhere1291,CT,55678-8979,,,,2019-01-01,P,3333:70
0,3333388@1280APOS:1280DA,Web123,"1290C POS: 1290DC",3333388@1280APOS:1280DA,,,,0,"1290C POS: 1290DC",3333:71,0,,,1,"1290C POS: 1290DC",,"1290C POS: 1290DC",TRUE,FALSE,fresh,0,TRUE,,,',',1290C,',617-445-5557,',"1292 Any St",#1292,Anywhere1292,CT,55678-8980,,,1290C,,"1292 Any St",#1292,Anywhere1292,CT,55678-8980,,,,2019-01-01,P,3333:71
0,3333388@1280APOS:1280DA,Web123,"1300A POS: 1300DA",3333388@1280APOS:1280DA,,,,0,"1300A POS: 1300DA",3333:75,0,,,1,"1300A POS: 1300DA",,"1300A POS: 1300DA",TRUE,FALSE,fresh,0,TRUE,,,',',1300A,',617-445-5555,',"1300 Any St",#1300,Anywhere1300,CT,55678-8978,,,1300A,,"1300 Any St",#1300,Anywhere1300,CT,55678-8978,,,,2019-01-01,P,3333:75
0,3333388@1280APOS:1280DA,Web123,"1300A POS: 1300VA",3333388@1280APOS:1280DA,,,,0,"1300A POS: 1300VA",3333:78,0,,,1,"1300A POS: 1300VA",,"1300A POS: 1300VA",TRUE,FALSE,fresh,0,TRUE,,,',',1300A,',617-445-5555,',"1300 Any St",#1300,Anywhere1300,CT,55678-8978,,,1300A,,"1300 Any St",#1300,Anywhere1300,CT,55678-8978,,,,2019-01-01,P,3333:78
0,3333388@1280APOS:1280DA,Web123,"1300A POS: 1300VB",3333388@1280APOS:1280DA,,,,0,"1300A POS: 1300VB",3333:79,0,,,1,"1300A POS: 1300VB",,"1300A POS: 1300VB",TRUE,FALSE,fresh,0,TRUE,,,',',1300A,',617-445-5555,',"1300 Any St",#1300,Anywhere1300,CT,55678-8978,,,1300A,,"1300 Any St",#1300,Anywhere1300,CT,55678-8978,,,,2019-01-01,P,3333:79
0,3333388@1280APOS:1280DA,Web123,"1300A POS: 1300VC",3333388@1280APOS:1280DA,,,,0,"1300A POS: 1300VC",3333:80,0,,,1,"1300A POS: 1300VC",,"1300A POS: 1300VC",TRUE,FALSE,fresh,0,TRUE,,,',',1300A,',617-445-5555,',"1300 Any St",#1300,Anywhere1300,CT,55678-8978,,,1300A,,"1300 Any St",#1300,Anywhere1300,CT,55678-8978,,,,2019-01-01,P,3333:80
0,3333388@1280APOS:1280DA,Web123,"1300B POS: 1300DB",3333388@1280APOS:1280DA,,,,0,"1300B POS: 1300DB",3333:76,0,,,1,"1300B POS: 1300DB",,"1300B POS: 1300DB",TRUE,FALSE,fresh,0,TRUE,,,',',1300B,',617-445-5556,',"1301 Any St",#1301,Anywhere1301,CT,55678-8979,,,1300B,,"1301 Any St",#1301,Anywhere1301,CT,55678-8979,,,,2019-01-01,P,3333:76
0,3333388@1280APOS:1280DA,Web123,"1300C POS: 1300DC",3333388@1280APOS:1280DA,,,,0,"1300C POS: 1300DC",3333:77,0,,,1,"1300C POS: 1300DC",,"1300C POS: 1300DC",TRUE,FALSE,fresh,0,TRUE,,,',',1300C,',617-445-5557,',"1302 Any St",#1302,Anywhere1302,CT,55678-8980,,,1300C,,"1302 Any St",#1302,Anywhere1302,CT,55678-8980,,,,2019-01-01,P,3333:77
0,3333388@1280APOS:1280DA,Web123,"1310A POS: 1310DA",3333388@1280APOS:1280DA,,,,0,"1310A POS: 1310DA",3333:81,0,,,1,"1310A POS: 1310DA",,"1310A POS: 1310DA",TRUE,FALSE,fresh,0,TRUE,,,',',1310A,',617-445-5555,',"1310 Any St",#1310,Anywhere1310,CT,55678-8978,,,1310A,,"1310 Any St",#1310,Anywhere1310,CT,55678-8978,,,,2019-01-01,P,3333:81
0,3333388@1280APOS:1280DA,Web123,"1310A POS: 1310description:001",3333388@1280APOS:1280DA,,,,0,"1310A POS: 1310description:001",3333:84,0,,,1,"1310A POS: 1310description:001",,"1310A POS: 1310description:001",TRUE,FALSE,fresh,0,TRUE,,,',',1310A,',617-445-5555,',"1310 Any St",#1310,Anywhere1310,CT,55678-8978,,,1310A,,"1310 Any St",#1310,Anywhere1310,CT,55678-8978,,,,2019-01-01,P,3333:84
0,3333388@1280APOS:1280DA,Web123,"1310A POS: 1310VB",3333388@1280APOS:1280DA,,,,0,"1310A POS: 1310VB",3333:85,0,,,1,"1310A POS: 1310VB",,"1310A POS: 1310VB",TRUE,FALSE,fresh,0,TRUE,,,',',1310A,',617-445-5555,',"1310 Any St",#1310,Anywhere1310,CT,55678-8978,,,1310A,,"1310 Any St",#1310,Anywhere1310,CT,55678-8978,,,,2019-01-01,P,3333:85
0,3333388@1280APOS:1280DA,Web123,"1310A POS: 1310VC",3333388@1280APOS:1280DA,,,,0,"1310A POS: 1310VC",3333:86,0,,,1,"1310A POS: 1310VC",,"1310A POS: 1310VC",TRUE,FALSE,fresh,0,TRUE,,,',',1310A,',617-445-5555,',"1310 Any St",#1310,Anywhere1310,CT,55678-8978,,,1310A,,"1310 Any St",#1310,Anywhere1310,CT,55678-8978,,,,2019-01-01,P,3333:86
0,3333388@1280APOS:1280DA,Web123,"1310B POS: 1310DB",3333388@1280APOS:1280DA,,,,0,"1310B POS: 1310DB",3333:82,0,,,1,"1310B POS: 1310DB",,"1310B POS: 1310DB",TRUE,FALSE,fresh,0,TRUE,,,',',1310B,',617-445-5556,',"1311 Any St",#1311,Anywhere1311,CT,55678-8979,,,111,,222,333,444,AL,555,,,,2019-01-01,P,3333:82
0,3333388@1280APOS:1280DA,Web123,"1310B POS: 1310description",3333388@1280APOS:1280DA,,,,0,"1310B POS: 1310description",3333:202,0,,,1,"1310B POS: 1310description",,"1310B POS: 1310description",TRUE,FALSE,fresh,0,TRUE,,,',',1310B,',617-445-5556,',"1311 Any St",#1311,Anywhere1311,CT,55678-8979,,,111,,222,333,444,AL,555,,,,2019-01-01,P,3333:202
0,3333388@1280APOS:1280DA,Web123,"1310C POS: 1310DC",3333388@1280APOS:1280DA,,,,0,"1310C POS: 1310DC",3333:83,0,,,1,"1310C POS: 1310DC",,"1310C POS: 1310DC",TRUE,FALSE,fresh,0,TRUE,,,',',1310C,',617-445-5557,',"1312 Any St",#1312,Anywhere1312,CT,55678-8980,,,1310C,,"1312 Any St",#1312,Anywhere1312,CT,55678-8980,,,,2019-01-01,P,3333:83
0,3333388@1280APOS:1280DA,Web123,"1320A POS: 1320DA",3333388@1280APOS:1280DA,,,,0,"1320A POS: 1320DA",3333:87,0,,,1,"1320A POS: 1320DA",,"1320A POS: 1320DA",TRUE,FALSE,fresh,0,TRUE,,,',',1320A,',617-445-5555,',"1320 Any St",#1320,Anywhere1320,CT,55678-8978,,,a1,a7,a2,a3,a4,AL,a5,,,,2019-01-01,P,3333:87
0,3333388@1280APOS:1280DA,Web123,"1320A POS: 1320VA",3333388@1280APOS:1280DA,,,,0,"1320A POS: 1320VA",3333:90,0,,,1,"1320A POS: 1320VA",,"1320A POS: 1320VA",TRUE,FALSE,fresh,0,TRUE,,,',',1320A,',617-445-5555,',"1320 Any St",#1320,Anywhere1320,CT,55678-8978,,,a1,a7,a2,a3,a4,AL,a5,,,,2019-01-01,P,3333:90
0,3333388@1280APOS:1280DA,Web123,"1320A POS: 1320VB",3333388@1280APOS:1280DA,,,,0,"1320A POS: 1320VB",3333:91,0,,,1,"1320A POS: 1320VB",,"1320A POS: 1320VB",TRUE,FALSE,fresh,0,TRUE,,,',',1320A,',617-445-5555,',"1320 Any St",#1320,Anywhere1320,CT,55678-8978,,,a1,a7,a2,a3,a4,AL,a5,,,,2019-01-01,P,3333:91
0,3333388@1280APOS:1280DA,Web123,"1320A POS: 1320VC",3333388@1280APOS:1280DA,,,,0,"1320A POS: 1320VC",3333:92,0,,,1,"1320A POS: 1320VC",,"1320A POS: 1320VC",TRUE,FALSE,fresh,0,TRUE,,,',',1320A,',617-445-5555,',"1320 Any St",#1320,Anywhere1320,CT,55678-8978,,,a1,a7,a2,a3,a4,AL,a5,,,,2019-01-01,P,3333:92
0,3333388@1280APOS:1280DA,Web123,"1320B POS: 1320DB",3333388@1280APOS:1280DA,,,,0,"1320B POS: 1320DB",3333:88,0,,,1,"1320B POS: 1320DB",,"1320B POS: 1320DB",TRUE,FALSE,fresh,0,TRUE,,,',',1320B,',617-445-5556,',"1321 Any St",#1321,Anywhere1321,CT,55678-8979,,,1320B,a7,"1321 Any St",#1321,Anywhere1321,CT,55678-8979,,,,2019-01-01,P,3333:88
0,3333388@1280APOS:1280DA,Web123,"1320C POS: 1320DC",3333388@1280APOS:1280DA,,,,0,"1320C POS: 1320DC",3333:89,0,,,1,"1320C POS: 1320DC",,"1320C POS: 1320DC",TRUE,FALSE,fresh,0,TRUE,,,',',1320C,',617-445-5557,',"1322 Any St",#1322,Anywhere1322,CT,55678-8980,,,1320C,a7,"1322 Any St",#1322,Anywhere1322,CT,55678-8980,,,,2019-01-01,P,3333:89
0,3333388@1280APOS:1280DA,Web123,"1330A POS: 1330DA",3333388@1280APOS:1280DA,,,,0,"1330A POS: 1330DA",3333:93,0,,,1,"1330A POS: 1330DA",,"1330A POS: 1330DA",TRUE,FALSE,fresh,0,TRUE,,,',',1330A,',617-445-5555,',"1330 Any St",#1330,"Los Angeles",CA,55678-8978,,,1330A,a7,"1330 Any St",#1330,"Los Angeles",CA,55678-8978,,,,2019-01-01,P,3333:93
0,3333388@1280APOS:1280DA,Web123,"1330A POS: 1330VA",3333388@1280APOS:1280DA,,,,0,"1330A POS: 1330VA",3333:96,0,,,1,"1330A POS: 1330VA",,"1330A POS: 1330VA",TRUE,FALSE,fresh,0,TRUE,,,',',1330A,',617-445-5555,',"1330 Any St",#1330,"Los Angeles",CA,55678-8978,,,1330A,a7,"1330 Any St",#1330,"Los Angeles",CA,55678-8978,,,,2019-01-01,P,3333:96
0,3333388@1280APOS:1280DA,Web123,"1330A POS: 1330VB",3333388@1280APOS:1280DA,,,,0,"1330A POS: 1330VB",3333:97,0,,,1,"1330A POS: 1330VB",,"1330A POS: 1330VB",TRUE,FALSE,fresh,0,TRUE,,,',',1330A,',617-445-5555,',"1330 Any St",#1330,"Los Angeles",CA,55678-8978,,,1330A,a7,"1330 Any St",#1330,"Los Angeles",CA,55678-8978,,,,2019-01-01,P,3333:97
0,3333388@1280APOS:1280DA,Web123,"1330A POS: 1330VC",3333388@1280APOS:1280DA,,,,0,"1330A POS: 1330VC",3333:98,0,,,1,"1330A POS: 1330VC",,"1330A POS: 1330VC",TRUE,FALSE,fresh,0,TRUE,,,',',1330A,',617-445-5555,',"1330 Any St",#1330,"Los Angeles",CA,55678-8978,,,1330A,a7,"1330 Any St",#1330,"Los Angeles",CA,55678-8978,,,,2019-01-01,P,3333:98
0,3333388@1280APOS:1280DA,Web123,"1330B POS: 1330DB",3333388@1280APOS:1280DA,,,,0,"1330B POS: 1330DB",3333:94,0,,,1,"1330B POS: 1330DB",,"1330B POS: 1330DB",TRUE,FALSE,fresh,0,TRUE,,,',',1330B,',617-445-5556,',"1331 Any St",#1331,Anywhere1331,CT,55678-8979,,,1330B,a7,"1331 Any St",#1331,Anywhere1331,CT,55678-8979,,,,2019-01-01,P,3333:94
0,3333388@1280APOS:1280DA,Web123,"1330C POS: 1330DC",3333388@1280APOS:1280DA,,,,0,"1330C POS: 1330DC",3333:95,0,,,1,"1330C POS: 1330DC",,"1330C POS: 1330DC",TRUE,FALSE,fresh,0,TRUE,,,',',1330C,',617-445-5557,',"1332 Any St",#1332,Anywhere1332,CT,55678-8980,,,1330C,a7,"1332 Any St",#1332,Anywhere1332,CT,55678-8980,,,,2019-01-01,P,3333:95
0,3333388@1280APOS:1280DA,Web123,"1350A POS: 1350DA",3333388@1280APOS:1280DA,,,,0,"1350A POS: 1350DA",3333:99,0,,,1,"1350A POS: 1350DA",,"1350A POS: 1350DA",TRUE,FALSE,fresh,0,TRUE,,,',',1350A,',617-445-5555,',"1350 Any St",#1350,Anywhere1350,CT,55678-8978,,,1350A,a7,"1350 Any St",#1350,Anywhere1350,CT,55678-8978,,,,2019-01-01,P,3333:99
0,3333388@1280APOS:1280DA,Web123,"1350A POS: 1350VA",3333388@1280APOS:1280DA,,,,0,"1350A POS: 1350VA",3333:102,0,,,1,"1350A POS: 1350VA",,"1350A POS: 1350VA",TRUE,FALSE,fresh,0,TRUE,,,',',1350A,',617-445-5555,',"1350 Any St",#1350,Anywhere1350,CT,55678-8978,,,1350A,a7,"1350 Any St",#1350,Anywhere1350,CT,55678-8978,,,,2019-01-01,P,3333:102
0,3333388@1280APOS:1280DA,Web123,"1350A POS: 1350VB",3333388@1280APOS:1280DA,,,,0,"1350A POS: 1350VB",3333:103,0,,,1,"1350A POS: 1350VB",,"1350A POS: 1350VB",TRUE,FALSE,fresh,0,TRUE,,,',',1350A,',617-445-5555,',"1350 Any St",#1350,Anywhere1350,CT,55678-8978,,,1350A,a7,"1350 Any St",#1350,Anywhere1350,CT,55678-8978,,,,2019-01-01,P,3333:103
0,3333388@1280APOS:1280DA,Web123,"1350A POS: 1350VC",3333388@1280APOS:1280DA,,,,0,"1350A POS: 1350VC",3333:104,0,,,1,"1350A POS: 1350VC",,"1350A POS: 1350VC",TRUE,FALSE,fresh,0,TRUE,,,',',1350A,',617-445-5555,',"1350 Any St",#1350,Anywhere1350,CT,55678-8978,,,1350A,a7,"1350 Any St",#1350,Anywhere1350,CT,55678-8978,,,,2019-01-01,P,3333:104
0,3333388@1280APOS:1280DA,Web123,"1350B POS: 1350DB",3333388@1280APOS:1280DA,,,,0,"1350B POS: 1350DB",3333:100,0,,,1,"1350B POS: 1350DB",,"1350B POS: 1350DB",TRUE,FALSE,fresh,0,TRUE,,,',',1350B,',617-445-5556,',"1351 Any St",#1351,Anywhere1351,CT,55678-8979,,,1350B,a7,"1351 Any St",#1351,Anywhere1351,CT,55678-8979,,,,2019-01-01,P,3333:100
0,3333388@1280APOS:1280DA,Web123,"1350C POS: 1350DC",3333388@1280APOS:1280DA,,,,0,"1350C POS: 1350DC",3333:101,0,,,1,"1350C POS: 1350DC",,"1350C POS: 1350DC",TRUE,FALSE,fresh,0,TRUE,,,',',1350C,',617-445-5557,',"1352 Any St",#1352,Anywhere1352,CT,55678-8980,,,1350C,a7,"1352 Any St",#1352,Anywhere1352,CT,55678-8980,,,,2019-01-01,P,3333:101
0,3333388@1280APOS:1280DA,Web123,"1370A POS: 1370DA",3333388@1280APOS:1280DA,,,,0,"1370A POS: 1370DA",3333:106,0,,,1,"1370A POS: 1370DA",,"1370A POS: 1370DA",TRUE,FALSE,fresh,0,TRUE,,,',',1370A,',617-445-5555,',"1370 Any St",#1370,Anywhere1370,CT,55678-8978,,,1370A,a7,"1370 Any St",#1370,Anywhere1370,CT,55678-8978,,,,2019-01-01,P,3333:106
0,3333388@1280APOS:1280DA,Web123,"1370A POS: 1370VA",3333388@1280APOS:1280DA,,,,0,"1370A POS: 1370VA",3333:109,0,,,1,"1370A POS: 1370VA",,"1370A POS: 1370VA",TRUE,FALSE,fresh,0,TRUE,,,',',1370A,',617-445-5555,',"1370 Any St",#1370,Anywhere1370,CT,55678-8978,,,1370A,a7,"1370 Any St",#1370,Anywhere1370,CT,55678-8978,,,,2019-01-01,P,3333:109
0,3333388@1280APOS:1280DA,Web123,"1370A POS: 1370VB",3333388@1280APOS:1280DA,,,,0,"1370A POS: 1370VB",3333:110,0,,,1,"1370A POS: 1370VB",,"1370A POS: 1370VB",TRUE,FALSE,fresh,0,TRUE,,,',',1370A,',617-445-5555,',"1370 Any St",#1370,Anywhere1370,CT,55678-8978,,,1370A,a7,"1370 Any St",#1370,Anywhere1370,CT,55678-8978,,,,2019-01-01,P,3333:110
0,3333388@1280APOS:1280DA,Web123,"1370A POS: 1370VC",3333388@1280APOS:1280DA,,,,0,"1370A POS: 1370VC",3333:111,0,,,1,"1370A POS: 1370VC",,"1370A POS: 1370VC",TRUE,FALSE,fresh,0,TRUE,,,',',1370A,',617-445-5555,',"1370 Any St",#1370,Anywhere1370,CT,55678-8978,,,1370A,a7,"1370 Any St",#1370,Anywhere1370,CT,55678-8978,,,,2019-01-01,P,3333:111
0,3333388@1280APOS:1280DA,Web123,"1370B POS: 1370DB",3333388@1280APOS:1280DA,,,,0,"1370B POS: 1370DB",3333:107,0,,,1,"1370B POS: 1370DB",,"1370B POS: 1370DB",TRUE,FALSE,fresh,0,TRUE,,,',',1370B,',617-445-5556,',"1371 Any St",#1371,Anywhere1371,CT,55678-8979,,,1370B,a7,"1371 Any St",#1371,Anywhere1371,CT,55678-8979,,,,2019-01-01,P,3333:107
0,3333388@1280APOS:1280DA,Web123,"1370C POS: 1370DC",3333388@1280APOS:1280DA,,,,0,"1370C POS: 1370DC",3333:108,0,,,1,"1370C POS: 1370DC",,"1370C POS: 1370DC",TRUE,FALSE,fresh,0,TRUE,,,',',1370C,',617-445-5557,',"1372 Any St",#1372,Anywhere1372,CT,55678-8980,,,1370C,a7,"1372 Any St",#1372,Anywhere1372,CT,55678-8980,,,,2019-01-01,P,3333:108
0,3333388@1280APOS:1280DA,Web123,"1380A POS: 1380DA",3333388@1280APOS:1280DA,,,,0,"1380A POS: 1380DA",3333:112,0,,,1,"1380A POS: 1380DA",,"1380A POS: 1380DA",TRUE,FALSE,fresh,0,TRUE,,,',',1380A,',617-445-5555,',"1380 Any St",#1380,Anywhere1380,CT,55678-8978,,,11sa,a7,22sa,33sa,44sa,AL,5577,,,,2019-01-01,P,3333:112
0,3333388@1280APOS:1280DA,Web123,"1380A POS: 1380VA",3333388@1280APOS:1280DA,,,,0,"1380A POS: 1380VA",3333:115,0,,,1,"1380A POS: 1380VA",,"1380A POS: 1380VA",TRUE,FALSE,fresh,0,TRUE,,,',',1380A,',617-445-5555,',"1380 Any St",#1380,Anywhere1380,CT,55678-8978,,,11sa,a7,22sa,33sa,44sa,AL,5577,,,,2019-01-01,P,3333:115
0,3333388@1280APOS:1280DA,Web123,"1380A POS: 1380VC",3333388@1280APOS:1280DA,,,,0,"1380A POS: 1380VC",3333:117,0,,,1,"1380A POS: 1380VC",,"1380A POS: 1380VC",TRUE,FALSE,fresh,0,TRUE,,,',',1380A,',617-445-5555,',"1380 Any St",#1380,Anywhere1380,CT,55678-8978,,,11sa,a7,22sa,33sa,44sa,AL,5577,,,,2019-01-01,P,3333:117
0,3333388@1280APOS:1280DA,Web123,"1380A POS: Soda",3333388@1280APOS:1280DA,,,,0,"1380A POS: Soda",3333:116,0,,,1,"1380A POS: Soda",,"1380A POS: Soda",TRUE,FALSE,fresh,0,TRUE,,,',',1380A,',617-445-5555,',"1380 Any St",#1380,Anywhere1380,CT,55678-8978,,,11sa,a7,22sa,33sa,44sa,AL,5577,,,,2019-01-01,P,3333:116
0,3333388@1280APOS:1280DA,Web123,"1380B POS: 1380DB",3333388@1280APOS:1280DA,,,,0,"1380B POS: 1380DB",3333:113,0,,,1,"1380B POS: 1380DB",,"1380B POS: 1380DB",TRUE,FALSE,fresh,0,TRUE,,,',',1380B,',617-445-5556,',"1381 Any St",#1381,Anywhere1381,CT,55678-8979,,,1380B,a7,"1381 Any St",#1381,Anywhere1381,CT,55678-8979,,,,2019-01-01,P,3333:113
0,3333388@1280APOS:1280DA,Web123,"1380C POS: 1380DC",3333388@1280APOS:1280DA,,,,0,"1380C POS: 1380DC",3333:114,0,,,1,"1380C POS: 1380DC",,"1380C POS: 1380DC",TRUE,FALSE,fresh,0,TRUE,,,',',1380C,',617-445-5557,',"1382 Any St",#1382,Anywhere1382,CT,55678-8980,,,1380C,a7,"1382 Any St",#1382,Anywhere1382,CT,55678-8980,,,,2019-01-01,P,3333:114
0,3333388@1280APOS:1280DA,Web123,"Company A POS: 1405POSdes",3333388@1280APOS:1280DA,,,,0,"Company A POS: 1405POSdes",3333:210,0,,,1,"Company A POS: 1405POSdes",,"Company A POS: 1405POSdes",TRUE,FALSE,fresh,0,TRUE,,,',',',',',',',',',',',,,1380C,a7,"1382 Any St",#1382,Anywhere1382,CT,55678-8980,,,,2019-01-01,P,3333:210
0,3333378@Cust30APOS:Delivery_POS30DA,Web123,"Cust30A POS: Delivery_POS30DA",3333378@Cust30APOS:Delivery_POS30DA,,,,0,"Cust30A POS: Delivery_POS30DA",3333:174,0,,Name_1,1,"Cust30A POS: Delivery_POS30DA",Caller_1,"Cust30A POS: Delivery_POS30DA",TRUE,FALSE,fresh,0,TRUE,,,30A,90,Address1,',617-445-5555,Country,Address2,Address3,City,WA,884-242,30A,90,30A,USA,"1556 Broadway",#1382,"New York",AK,10120,,,,2019-01-01,P,3333:174
0,3333381@Cust30APOS:Delivery_POS30DA,Web123,"Cust30A POS: Delivery_POS30DA",3333381@Cust30APOS:Delivery_POS30DA,,,,0,"Cust30A POS: Delivery_POS30DA",3333:174,0,,Name_1,1,"Cust30A POS: Delivery_POS30DA",Caller_1,"Cust30A POS: Delivery_POS30DA",TRUE,FALSE,fresh,0,TRUE,,,30A,90,Address1,',617-445-5555,Country,Address2,Address3,City,WA,884-242,30A,90,30A,USA,"1556 Broadway",#1382,"New York",AK,10120,,,,2019-01-01,P,3333:174
0,3333384@Cust30APOS:Delivery_POS30DA,Web123,"Cust30A POS: Delivery_POS30DA",3333384@Cust30APOS:Delivery_POS30DA,,,,0,"Cust30A POS: Delivery_POS30DA",3333:174,0,,Name_1,1,"Cust30A POS: Delivery_POS30DA",Caller_1,"Cust30A POS: Delivery_POS30DA",TRUE,FALSE,fresh,0,TRUE,,,30A,90,Address1,',617-445-5555,Country,Address2,Address3,City,WA,884-242,30A,90,30A,USA,"1556 Broadway",#1382,"New York",AK,10120,,,,2019-01-01,P,3333:174
0,sfmk@mail.com,Web123,"Cust30A POS: Delivery_POS30DA",sfmk@mail.com,,,,0,"Cust30A POS: Delivery_POS30DA",3333:174,0,,90,1,"Cust30A POS: Delivery_POS30DA",30A,"Cust30A POS: Delivery_POS30DA",TRUE,FALSE,fresh,0,TRUE,,,30A,90,Address1,',617-445-5555,Country,Address2,Address3,City,WA,884-242,30A,90,30A,USA,"1556 Broadway",#1382,"New York",AK,10120,,,,2019-01-01,P,3333:174
0,3333378_2@Cust30APOS:OutVend_POS30VA,Web123,"Cust30A POS: OutVend_POS30VA",3333378_2@Cust30APOS:OutVend_POS30VA,,,,0,"Cust30A POS: OutVend_POS30VA",3333:183,0,,Name_1,1,"Cust30A POS: OutVend_POS30VA",Caller_1,"Cust30A POS: OutVend_POS30VA",TRUE,FALSE,fresh,0,TRUE,,,30A,90,Address1,',617-445-5555,Country,Address2,Address3,City,WA,884-242,30A,90,30A,USA,"1556 Broadway",#1382,"New York",AK,10120,,,,2019-01-01,P,3333:183
0,3333381_2@Cust30APOS:OutVend_POS30VA,Web123,"Cust30A POS: OutVend_POS30VA",3333381_2@Cust30APOS:OutVend_POS30VA,,,,0,"Cust30A POS: OutVend_POS30VA",3333:183,0,,Name_1,1,"Cust30A POS: OutVend_POS30VA",Caller_1,"Cust30A POS: OutVend_POS30VA",TRUE,FALSE,fresh,0,TRUE,,,30A,90,Address1,',617-445-5555,Country,Address2,Address3,City,WA,884-242,30A,90,30A,USA,"1556 Broadway",#1382,"New York",AK,10120,,,,2019-01-01,P,3333:183
0,3333384_2@Cust30APOS:OutVend_POS30VA,Web123,"Cust30A POS: OutVend_POS30VA",3333384_2@Cust30APOS:OutVend_POS30VA,,,,0,"Cust30A POS: OutVend_POS30VA",3333:183,0,,Name_1,1,"Cust30A POS: OutVend_POS30VA",Caller_1,"Cust30A POS: OutVend_POS30VA",TRUE,FALSE,fresh,0,TRUE,,,30A,90,Address1,',617-445-5555,Country,Address2,Address3,City,WA,884-242,30A,90,30A,USA,"1556 Broadway",#1382,"New York",AK,10120,,,,2019-01-01,P,3333:183
0,sfmk@mail.com,Web123,"Cust30A POS: OutVend_POS30VA",sfmk@mail.com,,,,0,"Cust30A POS: OutVend_POS30VA",3333:183,0,,90,1,"Cust30A POS: OutVend_POS30VA",30A,"Cust30A POS: OutVend_POS30VA",TRUE,FALSE,fresh,0,TRUE,,,30A,90,Address1,',617-445-5555,Country,Address2,Address3,City,WA,884-242,30A,90,30A,USA,"1556 Broadway",#1382,"New York",AK,10120,,,,2019-01-01,P,3333:183
0,3333378_3@Cust30APOS:Vend_POS30VA,Web123,"Cust30A POS: Vend_POS30VA",3333378_3@Cust30APOS:Vend_POS30VA,,,,0,"Cust30A POS: Vend_POS30VA",3333:177,0,,Name_1,1,"Cust30A POS: Vend_POS30VA",Caller_1,"Cust30A POS: Vend_POS30VA",TRUE,FALSE,fresh,0,TRUE,,,30A,90,Address1,',617-445-5555,Country,Address2,Address3,City,WA,884-242,30A,90,30A,USA,"1556 Broadway",#1382,"New York",AK,10120,,,,2019-01-01,P,3333:177
0,3333381_3@Cust30APOS:Vend_POS30VA,Web123,"Cust30A POS: Vend_POS30VA",3333381_3@Cust30APOS:Vend_POS30VA,,,,0,"Cust30A POS: Vend_POS30VA",3333:177,0,,Name_1,1,"Cust30A POS: Vend_POS30VA",Caller_1,"Cust30A POS: Vend_POS30VA",TRUE,FALSE,fresh,0,TRUE,,,30A,90,Address1,',617-445-5555,Country,Address2,Address3,City,WA,884-242,30A,90,30A,USA,"1556 Broadway",#1382,"New York",AK,10120,,,,2019-01-01,P,3333:177
0,3333384_3@Cust30APOS:Vend_POS30VA,Web123,"Cust30A POS: Vend_POS30VA",3333384_3@Cust30APOS:Vend_POS30VA,,,,0,"Cust30A POS: Vend_POS30VA",3333:177,0,,Name_1,1,"Cust30A POS: Vend_POS30VA",Caller_1,"Cust30A POS: Vend_POS30VA",TRUE,FALSE,fresh,0,TRUE,,,30A,90,Address1,',617-445-5555,Country,Address2,Address3,City,WA,884-242,30A,90,30A,USA,"1556 Broadway",#1382,"New York",AK,10120,,,,2019-01-01,P,3333:177
0,sfmk@mail.com,Web123,"Cust30A POS: Vend_POS30VA",sfmk@mail.com,,,,0,"Cust30A POS: Vend_POS30VA",3333:177,0,,90,1,"Cust30A POS: Vend_POS30VA",30A,"Cust30A POS: Vend_POS30VA",TRUE,FALSE,fresh,0,TRUE,,,30A,90,Address1,',617-445-5555,Country,Address2,Address3,City,WA,884-242,30A,90,30A,USA,"1556 Broadway",#1382,"New York",AK,10120,,,,2019-01-01,P,3333:177
0,sfmk@mail.com,Web123,"Cust30B POS: Delivery_POS30DB",sfmk@mail.com,,,,0,"Cust30B POS: Delivery_POS30DB",3333:175,0,,91,1,"Cust30B POS: Delivery_POS30DB",30B,"Cust30B POS: Delivery_POS30DB",TRUE,FALSE,fresh,0,TRUE,,,30B,91,Address1,',617-445-5556,Country,Address2,Address3,City,WA,884-242,30B,91,30B,USA,"228 E 7th Street",#312,"St Paul",AK,55101,,,,2019-01-01,P,3333:175
0,sfmk@mail.com,Web123,"Cust30B POS: OutVend_POS30VB",sfmk@mail.com,,,,0,"Cust30B POS: OutVend_POS30VB",3333:184,0,,91,1,"Cust30B POS: OutVend_POS30VB",30B,"Cust30B POS: OutVend_POS30VB",TRUE,FALSE,fresh,0,TRUE,,,30B,91,Address1,',617-445-5556,Country,Address2,Address3,City,WA,884-242,30B,91,30B,USA,"228 E 7th Street",#312,"St Paul",AK,55101,,,,2019-01-01,P,3333:184
0,sfmk@mail.com,Web123,"Cust30B POS: Vend_POS30VB",sfmk@mail.com,,,,0,"Cust30B POS: Vend_POS30VB",3333:179,0,,91,1,"Cust30B POS: Vend_POS30VB",30B,"Cust30B POS: Vend_POS30VB",TRUE,FALSE,fresh,0,TRUE,,,30B,91,Address1,',617-445-5556,Country,Address2,Address3,City,WA,884-242,30B,91,30B,USA,"228 E 7th Street",#312,"St Paul",AK,55101,,,,2019-01-01,P,3333:179
0,sfmk@mail.com,Web123,"Cust30C POS: Delivery_POS30DC",sfmk@mail.com,,,,0,"Cust30C POS: Delivery_POS30DC",3333:176,0,,92,1,"Cust30C POS: Delivery_POS30DC",30C,"Cust30C POS: Delivery_POS30DC",TRUE,FALSE,fresh,0,TRUE,,,30C,92,Address1,',617-445-5557,Country,Address2,Address3,City,WA,884-242,30C,92,30C,USA,"5607 Fordham Dr. NW",#312,Albuquerque,AK,87114,,,,2019-01-01,P,3333:176
0,sfmk@mail.com,Web123,"Cust30C POS: OutVend_POS30VC",sfmk@mail.com,,,,0,"Cust30C POS: OutVend_POS30VC",3333:185,0,,92,1,"Cust30C POS: OutVend_POS30VC",30C,"Cust30C POS: OutVend_POS30VC",TRUE,FALSE,fresh,0,TRUE,,,30C,92,Address1,',617-445-5557,Country,Address2,Address3,City,WA,884-242,30C,92,30C,USA,"5607 Fordham Dr. NW",#312,Albuquerque,AK,87114,,,,2019-01-01,P,3333:185
0,sfmk@mail.com,Web123,"Cust30C POS: Vend_POS30VC",sfmk@mail.com,,,,0,"Cust30C POS: Vend_POS30VC",3333:181,0,,92,1,"Cust30C POS: Vend_POS30VC",30C,"Cust30C POS: Vend_POS30VC",TRUE,FALSE,fresh,0,TRUE,,,30C,92,Address1,',617-445-5557,Country,Address2,Address3,City,WA,884-242,30C,92,30C,USA,"5607 Fordham Dr. NW",#312,Albuquerque,AK,87114,,,,2019-01-01,P,3333:181
0,sfmk@mail.com,Web123,"Dana's Drive-Inn POS: Dana's Drive-Inn",sfmk@mail.com,,,,0,"Dana's Drive-Inn POS: Dana's Drive-Inn",3333:27,0,,,1,"Dana's Drive-Inn POS: Dana's Drive-Inn",,"Dana's Drive-Inn POS: Dana's Drive-Inn",TRUE,FALSE,fresh,0,TRUE,,,',',',',',',',',',',',,,30C,USA,"5607 Fordham Dr. NW",#312,Albuquerque,AK,87114,,,,2019-01-01,P,3333:27
0,sfmk@mail.com,Web123,"Easton High School POS: Cafeteria",sfmk@mail.com,,,,0,"Easton High School POS: Cafeteria",3333:20,0,,,1,"Easton High School POS: Cafeteria",,"Easton High School POS: Cafeteria",TRUE,FALSE,fresh,0,TRUE,,,',',"Easton High School",,999-555-5555,USA,"10 School St",',Easton,MA,02222,,,"Easton High School",USA,"10 School St",#312,Easton,MA,02222,,,,2019-01-01,P,3333:20
0,sfmk@mail.com,Web123,"Easton High School POS: Cafeteria - Soda Machine",sfmk@mail.com,,,,0,"Easton High School POS: Cafeteria - Soda Machine",3333:16,0,,,1,"Easton High School POS: Cafeteria - Soda Machine",,"Easton High School POS: Cafeteria - Soda Machine",TRUE,FALSE,fresh,0,TRUE,,,',',"Easton High School",,999-555-5555,USA,"10 School St",',Easton,MA,02222,,,"Easton High School",USA,"10 School St",#312,Easton,MA,02222,,,,2019-01-01,P,3333:16
0,sfmk@mail.com,Web123,"Easton High School POS: Teacher's Lounge - Soda",sfmk@mail.com,,,,0,"Easton High School POS: Teacher's Lounge - Soda",3333:23,0,,,1,"Easton High School POS: Teacher's Lounge - Soda",,"Easton High School POS: Teacher's Lounge - Soda",TRUE,FALSE,fresh,0,TRUE,,,',',"Easton High School",,999-555-5555,USA,"10 School St",',Easton,MA,02222,,,"Easton High School",USA,"10 School St",#312,Easton,MA,02222,,,,2019-01-01,P,3333:23
0,33339@Gerty'sGasStationPOS:Gerty'sGasStation,Web123,"Gerty's Gas Station POS: Gerty's Gas Station",33339@Gerty'sGasStationPOS:Gerty'sGasStation,,,,0,"Gerty's Gas Station POS: Gerty's Gas Station",3333:17,0,,smith,1,"Gerty's Gas Station POS: Gerty's Gas Station",ann,"Gerty's Gas Station POS: Gerty's Gas Station",TRUE,FALSE,fresh,0,TRUE,,,ann,smith,"Gerty's Gas Station",',999-8070-5551,',"15 Ivy St",',Dedham,MA,06345,ann,smith,"Gerty's Gas Station",USA,"15 Ivy St",#312,Dedham,MA,06345,,,,2019-01-01,P,3333:17
0,33339_2@Gerty'sGasStationPOS:Soda,Web123,"Gerty's Gas Station POS: Soda",33339_2@Gerty'sGasStationPOS:Soda,,,,0,"Gerty's Gas Station POS: Soda",3333:18,0,,smith,1,"Gerty's Gas Station POS: Soda",ann,"Gerty's Gas Station POS: Soda",TRUE,FALSE,fresh,0,TRUE,,,ann,smith,"Gerty's Gas Station",',999-8070-5551,',"15 Ivy St",',Dedham,MA,06345,ann,smith,"Gerty's Gas Station",USA,"15 Ivy St",#312,Dedham,MA,06345,,,,2019-01-01,P,3333:18
0,33339_2@Gerty'sGasStationPOS:Soda,Web123,"Harold's Hardware POS: Coffee Shop",33339_2@Gerty'sGasStationPOS:Soda,,,,0,"Harold's Hardware POS: Coffee Shop",3333:5,0,,,1,"Harold's Hardware POS: Coffee Shop",,"Harold's Hardware POS: Coffee Shop",TRUE,FALSE,fresh,0,TRUE,,,',',425020C,',617-445-5557,',"425022 Any St",#425022,Anywhere425022,CT,55678-8980,,,425020C,USA,"425022 Any St",#425022,Anywhere425022,CT,55678-8980,,,,2019-01-01,P,3333:5
0,33339_2@Gerty'sGasStationPOS:Soda,Web123,"Home Station POS: 1st Floor Snack",33339_2@Gerty'sGasStationPOS:Soda,,,,0,"Home Station POS: 1st Floor Snack",3333:11,0,,,1,"Home Station POS: 1st Floor Snack",,"Home Station POS: 1st Floor Snack",TRUE,FALSE,fresh,0,TRUE,,,',',"Cougar Bus Lines",',',',"15 Garden St",',Boston,MA,02453,,,"Home Station",USA,"15 RailRoad Drive",,Pittsburgh,PA,55678-8978,,,,2019-01-01,P,3333:11
0,33339_2@Gerty'sGasStationPOS:Soda,Web123,"Home Station POS: 1st floor Soda",33339_2@Gerty'sGasStationPOS:Soda,,,,0,"Home Station POS: 1st floor Soda",3333:8,0,,,1,"Home Station POS: 1st floor Soda",,"Home Station POS: 1st floor Soda",TRUE,FALSE,fresh,0,TRUE,,,',',"Cougar Bus Lines",',',',"15 Garden St",',Boston,MA,02453,,,"Home Station",USA,"15 RailRoad Drive",,Pittsburgh,PA,55678-8978,,,,2019-01-01,P,3333:8
0,33339_2@Gerty'sGasStationPOS:Soda,Web123,"Home Station POS: Bill Changer",33339_2@Gerty'sGasStationPOS:Soda,,,,0,"Home Station POS: Bill Changer",3333:25,0,,,1,"Home Station POS: Bill Changer",,"Home Station POS: Bill Changer",TRUE,FALSE,fresh,0,TRUE,,,',',"Cougar Bus Lines",',',',"15 Garden St",',Boston,MA,02453,,,"Home Station",USA,"15 RailRoad Drive",,Pittsburgh,PA,55678-8978,,,,2019-01-01,P,3333:25
0,33339_2@Gerty'sGasStationPOS:Soda,Web123,"Home Station POS: Cafeteria",33339_2@Gerty'sGasStationPOS:Soda,,,,0,"Home Station POS: Cafeteria",3333:9,0,,,1,"Home Station POS: Cafeteria",,"Home Station POS: Cafeteria",TRUE,FALSE,fresh,0,TRUE,,,',',"Cougar Bus Lines",',',',"15 Garden St",',Boston,MA,02453,,,"Home Station",USA,"15 RailRoad Drive",,Pittsburgh,PA,55678-8978,,,,2019-01-01,P,3333:9
0,33339_2@Gerty'sGasStationPOS:Soda,Web123,"Home Station POS: Employee Store",33339_2@Gerty'sGasStationPOS:Soda,,,,0,"Home Station POS: Employee Store",3333:3,0,,,1,"Home Station POS: Employee Store",,"Home Station POS: Employee Store",TRUE,FALSE,fresh,0,TRUE,,,',',"Cougar Bus Lines",',',',"15 Garden St",',Boston,MA,02453,,,"Home Station",USA,"15 RailRoad Drive",,Pittsburgh,PA,55678-8978,,,,2019-01-01,P,3333:3
0,33339_2@Gerty'sGasStationPOS:Soda,Web123,"Home Station POS: Lunchroom - Cold Food",33339_2@Gerty'sGasStationPOS:Soda,,,,0,"Home Station POS: Lunchroom - Cold Food",3333:6,0,,,1,"Home Station POS: Lunchroom - Cold Food",,"Home Station POS: Lunchroom - Cold Food",TRUE,FALSE,fresh,0,TRUE,,,',',"Cougar Bus Lines",',',',"15 Garden St",',Boston,MA,02453,,,"Home Station",USA,"15 RailRoad Drive",,Pittsburgh,PA,55678-8978,,,,2019-01-01,P,3333:6
0,33339_2@Gerty'sGasStationPOS:Soda,Web123,"Home Station POS: SMinsk",33339_2@Gerty'sGasStationPOS:Soda,,,,0,"Home Station POS: SMinsk",3333:119,0,,,1,"Home Station POS: SMinsk",,"Home Station POS: SMinsk",TRUE,FALSE,fresh,0,TRUE,,,',',"Cougar Bus Lines",',',',"15 Garden St",',Boston,MA,02453,,,"Home Station",USA,"15 RailRoad Drive",,Pittsburgh,PA,55678-8978,,,,2019-01-01,P,3333:119
0,33339_2@Gerty'sGasStationPOS:Soda,Web123,"Home Station POS: Soda Machine",33339_2@Gerty'sGasStationPOS:Soda,,,,0,"Home Station POS: Soda Machine",3333:7,0,,,1,"Home Station POS: Soda Machine",,"Home Station POS: Soda Machine",TRUE,FALSE,fresh,0,TRUE,,,',',"Cougar Bus Lines",',',',"15 Garden St",',Boston,MA,02453,,,"Home Station",USA,"15 RailRoad Drive",,Pittsburgh,PA,55678-8978,,,,2019-01-01,P,3333:7
0,33331@QuickStopPOS:POS_02_p,Web123,"Quick Stop POS: POS_02_p",33331@QuickStopPOS:POS_02_p,,,,0,"Quick Stop POS: POS_02_p",3333:124,0,,Jean,1,"Quick Stop POS: POS_02_p",Laura,"Quick Stop POS: POS_02_p",TRUE,FALSE,fresh,0,TRUE,,,Laura,Jean,"Quick Stop",',617-445-5555,',"10 Any St",,AnyCity,CT,55678-8978,Laura,Jean,"Quick Stop",USA,"10 Any St",,AnyCity,CT,55678-8978,,,,2019-01-01,P,3333:124
0,33331_2@QuickStopPOS:POS_03,Web123,"Quick Stop POS: POS_03",33331_2@QuickStopPOS:POS_03,,,,0,"Quick Stop POS: POS_03",3333:125,0,,Jean,1,"Quick Stop POS: POS_03",Laura,"Quick Stop POS: POS_03",TRUE,FALSE,fresh,0,TRUE,,,Laura,Jean,"Quick Stop",',617-445-5555,',"10 Any St",,AnyCity,CT,55678-8978,Laura,Jean,"Quick Stop",USA,"10 Any St",,AnyCity,CT,55678-8978,,,,2019-01-01,P,3333:125
0,33331_3@QuickStopPOS:POS_04,Web123,"Quick Stop POS: POS_04",33331_3@QuickStopPOS:POS_04,,,,0,"Quick Stop POS: POS_04",3333:126,0,,Jean,1,"Quick Stop POS: POS_04",Laura,"Quick Stop POS: POS_04",TRUE,FALSE,fresh,0,TRUE,,,Laura,Jean,"Quick Stop",',617-445-5555,',"10 Any St",,AnyCity,CT,55678-8978,Laura,Jean,"Quick Stop",USA,"10 Any St",,AnyCity,CT,55678-8978,,,,2019-01-01,P,3333:126
0,33331_4@QuickStopPOS:POS_05,Web123,"Quick Stop POS: POS_05",33331_4@QuickStopPOS:POS_05,,,,0,"Quick Stop POS: POS_05",3333:127,0,,Jean,1,"Quick Stop POS: POS_05",Laura,"Quick Stop POS: POS_05",TRUE,FALSE,fresh,0,TRUE,,,Laura,Jean,"Quick Stop",',617-445-5555,',"10 Any St",,AnyCity,CT,55678-8978,Laura,Jean,"Quick Stop",USA,"10 Any St",,AnyCity,CT,55678-8978,,,,2019-01-01,P,3333:127
0,33331_5@QuickStopPOS:POS_06,Web123,"Quick Stop POS: POS_06",33331_5@QuickStopPOS:POS_06,,,,0,"Quick Stop POS: POS_06",3333:129,0,,Jean,1,"Quick Stop POS: POS_06",Laura,"Quick Stop POS: POS_06",TRUE,FALSE,fresh,0,TRUE,,,Laura,Jean,"Quick Stop",',617-445-5555,',"10 Any St",,AnyCity,CT,55678-8978,Laura,Jean,"Quick Stop",USA,"10 Any St",,AnyCity,CT,55678-8978,,,,2019-01-01,P,3333:129
0,33331_6@QuickStopPOS:POS_07,Web123,"Quick Stop POS: POS_07",33331_6@QuickStopPOS:POS_07,,,,0,"Quick Stop POS: POS_07",3333:130,0,,Jean,1,"Quick Stop POS: POS_07",Laura,"Quick Stop POS: POS_07",TRUE,FALSE,fresh,0,TRUE,,,Laura,Jean,"Quick Stop",',617-445-5555,',"10 Any St",,AnyCity,CT,55678-8978,Laura,Jean,"Quick Stop",USA,"10 Any St",,AnyCity,CT,55678-8978,,,,2019-01-01,P,3333:130
0,33331_7@QuickStopPOS:POS_08,Web123,"Quick Stop POS: POS_08",33331_7@QuickStopPOS:POS_08,,,,0,"Quick Stop POS: POS_08",3333:135,0,,Jean,1,"Quick Stop POS: POS_08",Laura,"Quick Stop POS: POS_08",TRUE,FALSE,fresh,0,TRUE,,,Laura,Jean,"Quick Stop",',617-445-5555,',"10 Any St",,AnyCity,CT,55678-8978,Laura,Jean,"Quick Stop",USA,"10 Any St",,AnyCity,CT,55678-8978,,,,2019-01-01,P,3333:135
0,33331_8@QuickStopPOS:POS_09,Web123,"Quick Stop POS: POS_09",33331_8@QuickStopPOS:POS_09,,,,0,"Quick Stop POS: POS_09",3333:131,0,,Jean,1,"Quick Stop POS: POS_09",Laura,"Quick Stop POS: POS_09",TRUE,FALSE,fresh,0,TRUE,,,Laura,Jean,"Quick Stop",',617-445-5555,',"10 Any St",,AnyCity,CT,55678-8978,Laura,Jean,"Quick Stop",USA,"10 Any St",,AnyCity,CT,55678-8978,,,,2019-01-01,P,3333:131
0,33331_9@QuickStopPOS:POS_10,Web123,"Quick Stop POS: POS_10",33331_9@QuickStopPOS:POS_10,,,,0,"Quick Stop POS: POS_10",3333:132,0,,Jean,1,"Quick Stop POS: POS_10",Laura,"Quick Stop POS: POS_10",TRUE,FALSE,fresh,0,TRUE,,,Laura,Jean,"Quick Stop",',617-445-5555,',"10 Any St",,AnyCity,CT,55678-8978,Laura,Jean,"Quick Stop",USA,"10 Any St",,AnyCity,CT,55678-8978,,,,2019-01-01,P,3333:132
0,33331_10@QuickStopPOS:POS_11,Web123,"Quick Stop POS: POS_11",33331_10@QuickStopPOS:POS_11,,,,0,"Quick Stop POS: POS_11",3333:133,0,,Jean,1,"Quick Stop POS: POS_11",Laura,"Quick Stop POS: POS_11",TRUE,FALSE,fresh,0,TRUE,,,Laura,Jean,"Quick Stop",',617-445-5555,',"10 Any St",,AnyCity,CT,55678-8978,Laura,Jean,"Quick Stop",USA,"10 Any St",,AnyCity,CT,55678-8978,,,,2019-01-01,P,3333:133
0,33331_11@QuickStopPOS:POS_12,Web123,"Quick Stop POS: POS_12",33331_11@QuickStopPOS:POS_12,,,,0,"Quick Stop POS: POS_12",3333:134,0,,Jean,1,"Quick Stop POS: POS_12",Laura,"Quick Stop POS: POS_12",TRUE,FALSE,fresh,0,TRUE,,,Laura,Jean,"Quick Stop",',617-445-5555,',"10 Any St",,AnyCity,CT,55678-8978,Laura,Jean,"Quick Stop",USA,"10 Any St",,AnyCity,CT,55678-8978,,,,2019-01-01,P,3333:134
0,33331_12@QuickStopPOS:POS_13,Web123,"Quick Stop POS: POS_13",33331_12@QuickStopPOS:POS_13,,,,0,"Quick Stop POS: POS_13",3333:136,0,,Jean,1,"Quick Stop POS: POS_13",Laura,"Quick Stop POS: POS_13",TRUE,FALSE,fresh,0,TRUE,,,Laura,Jean,"Quick Stop",',617-445-5555,',"10 Any St",,AnyCity,CT,55678-8978,Laura,Jean,"Quick Stop",USA,"10 Any St",,AnyCity,CT,55678-8978,,,,2019-01-01,P,3333:136
0,33331_13@QuickStopPOS:POS_14,Web123,"Quick Stop POS: POS_14",33331_13@QuickStopPOS:POS_14,,,,0,"Quick Stop POS: POS_14",3333:137,0,,Jean,1,"Quick Stop POS: POS_14",Laura,"Quick Stop POS: POS_14",TRUE,FALSE,fresh,0,TRUE,,,Laura,Jean,"Quick Stop",',617-445-5555,',"10 Any St",,AnyCity,CT,55678-8978,Laura,Jean,"Quick Stop",USA,"10 Any St",,AnyCity,CT,55678-8978,,,,2019-01-01,P,3333:137
0,33331_14@QuickStopPOS:POS_15,Web123,"Quick Stop POS: POS_15",33331_14@QuickStopPOS:POS_15,,,,0,"Quick Stop POS: POS_15",3333:138,0,,Jean,1,"Quick Stop POS: POS_15",Laura,"Quick Stop POS: POS_15",TRUE,FALSE,fresh,0,TRUE,,,Laura,Jean,"Quick Stop",',617-445-5555,',"10 Any St",,AnyCity,CT,55678-8978,Laura,Jean,"Quick Stop",USA,"10 Any St",,AnyCity,CT,55678-8978,,,,2019-01-01,P,3333:138
0,33331_15@QuickStopPOS:POS_16,Web123,"Quick Stop POS: POS_16",33331_15@QuickStopPOS:POS_16,,,,0,"Quick Stop POS: POS_16",3333:139,0,,Jean,1,"Quick Stop POS: POS_16",Laura,"Quick Stop POS: POS_16",TRUE,FALSE,fresh,0,TRUE,,,Laura,Jean,"Quick Stop",',617-445-5555,',"10 Any St",,AnyCity,CT,55678-8978,Laura,Jean,"Quick Stop",USA,"10 Any St",,AnyCity,CT,55678-8978,,,,2019-01-01,P,3333:139
0,33331_16@QuickStopPOS:POS_17,Web123,"Quick Stop POS: POS_17",33331_16@QuickStopPOS:POS_17,,,,0,"Quick Stop POS: POS_17",3333:140,0,,Jean,1,"Quick Stop POS: POS_17",Laura,"Quick Stop POS: POS_17",TRUE,FALSE,fresh,0,TRUE,,,Laura,Jean,"Quick Stop",',617-445-5555,',"10 Any St",,AnyCity,CT,55678-8978,Laura,Jean,"Quick Stop",USA,"10 Any St",,AnyCity,CT,55678-8978,,,,2019-01-01,P,3333:140
0,33331_17@QuickStopPOS:POS_18,Web123,"Quick Stop POS: POS_18",33331_17@QuickStopPOS:POS_18,,,,0,"Quick Stop POS: POS_18",3333:141,0,,Jean,1,"Quick Stop POS: POS_18",Laura,"Quick Stop POS: POS_18",TRUE,FALSE,fresh,0,TRUE,,,Laura,Jean,"Quick Stop",',617-445-5555,',"10 Any St",,AnyCity,CT,55678-8978,Laura,Jean,"Quick Stop",USA,"10 Any St",,AnyCity,CT,55678-8978,,,,2019-01-01,P,3333:141
0,33331_18@QuickStopPOS:POS_19,Web123,"Quick Stop POS: POS_19",33331_18@QuickStopPOS:POS_19,,,,0,"Quick Stop POS: POS_19",3333:142,0,,Jean,1,"Quick Stop POS: POS_19",Laura,"Quick Stop POS: POS_19",TRUE,FALSE,fresh,0,TRUE,,,Laura,Jean,"Quick Stop",',617-445-5555,',"10 Any St",,AnyCity,CT,55678-8978,Laura,Jean,"Quick Stop",USA,"10 Any St",,AnyCity,CT,55678-8978,,,,2019-01-01,P,3333:142
0,33331_19@QuickStopPOS:POS_20,Web123,"Quick Stop POS: POS_20",33331_19@QuickStopPOS:POS_20,,,,0,"Quick Stop POS: POS_20",3333:143,0,,Jean,1,"Quick Stop POS: POS_20",Laura,"Quick Stop POS: POS_20",TRUE,FALSE,fresh,0,TRUE,,,Laura,Jean,"Quick Stop",',617-445-5555,',"10 Any St",,AnyCity,CT,55678-8978,Laura,Jean,"Quick Stop",USA,"10 Any St",,AnyCity,CT,55678-8978,,,,2019-01-01,P,3333:143
0,33331_20@QuickStopPOS:POS_21,Web123,"Quick Stop POS: POS_21",33331_20@QuickStopPOS:POS_21,,,,0,"Quick Stop POS: POS_21",3333:152,0,,Jean,1,"Quick Stop POS: POS_21",Laura,"Quick Stop POS: POS_21",TRUE,FALSE,fresh,0,TRUE,,,Laura,Jean,"Quick Stop",',617-445-5555,',"10 Any St",,AnyCity,CT,55678-8978,Laura,Jean,"Quick Stop",USA,"10 Any St",,AnyCity,CT,55678-8978,,,,2019-01-01,P,3333:152
0,33331_21@QuickStopPOS:POS_22,Web123,"Quick Stop POS: POS_22",33331_21@QuickStopPOS:POS_22,,,,0,"Quick Stop POS: POS_22",3333:153,0,,Jean,1,"Quick Stop POS: POS_22",Laura,"Quick Stop POS: POS_22",TRUE,FALSE,fresh,0,TRUE,,,Laura,Jean,"Quick Stop",',617-445-5555,',"10 Any St",,AnyCity,CT,55678-8978,Laura,Jean,"Quick Stop",USA,"10 Any St",,AnyCity,CT,55678-8978,,,,2019-01-01,P,3333:153
0,33331_22@QuickStopPOS:POS_23,Web123,"Quick Stop POS: POS_23",33331_22@QuickStopPOS:POS_23,,,,0,"Quick Stop POS: POS_23",3333:154,0,,Jean,1,"Quick Stop POS: POS_23",Laura,"Quick Stop POS: POS_23",TRUE,FALSE,fresh,0,TRUE,,,Laura,Jean,"Quick Stop",',617-445-5555,',"10 Any St",,AnyCity,CT,55678-8978,Laura,Jean,"Quick Stop",USA,"10 Any St",,AnyCity,CT,55678-8978,,,,2019-01-01,P,3333:154
0,33331_23@QuickStopPOS:POS_24,Web123,"Quick Stop POS: POS_24",33331_23@QuickStopPOS:POS_24,,,,0,"Quick Stop POS: POS_24",3333:155,0,,Jean,1,"Quick Stop POS: POS_24",Laura,"Quick Stop POS: POS_24",TRUE,FALSE,fresh,0,TRUE,,,Laura,Jean,"Quick Stop",',617-445-5555,',"10 Any St",,AnyCity,CT,55678-8978,Laura,Jean,"Quick Stop",USA,"10 Any St",,AnyCity,CT,55678-8978,,,,2019-01-01,P,3333:155
0,33331_24@QuickStopPOS:POS_25,Web123,"Quick Stop POS: POS_25",33331_24@QuickStopPOS:POS_25,,,,0,"Quick Stop POS: POS_25",3333:156,0,,Jean,1,"Quick Stop POS: POS_25",Laura,"Quick Stop POS: POS_25",TRUE,FALSE,fresh,0,TRUE,,,Laura,Jean,"Quick Stop",',617-445-5555,',"10 Any St",,AnyCity,CT,55678-8978,Laura,Jean,"Quick Stop",USA,"10 Any St",,AnyCity,CT,55678-8978,,,,2019-01-01,P,3333:156
0,33331_25@QuickStopPOS:POS_26,Web123,"Quick Stop POS: POS_26",33331_25@QuickStopPOS:POS_26,,,,0,"Quick Stop POS: POS_26",3333:157,0,,Jean,1,"Quick Stop POS: POS_26",Laura,"Quick Stop POS: POS_26",TRUE,FALSE,fresh,0,TRUE,,,Laura,Jean,"Quick Stop",',617-445-5555,',"10 Any St",,AnyCity,CT,55678-8978,Laura,Jean,"Quick Stop",USA,"10 Any St",,AnyCity,CT,55678-8978,,,,2019-01-01,P,3333:157
0,33331_26@QuickStopPOS:POS01,Web123,"Quick Stop POS: POS01",33331_26@QuickStopPOS:POS01,,,,0,"Quick Stop POS: POS01",3333:123,0,,Jean,1,"Quick Stop POS: POS01",Laura,"Quick Stop POS: POS01",TRUE,FALSE,fresh,0,TRUE,,,Laura,Jean,"Quick Stop",',617-445-5555,',"10 Any St",,AnyCity,CT,55678-8978,Laura,Jean,"Quick Stop",USA,"10 Any St",,AnyCity,CT,55678-8978,,,,2019-01-01,P,3333:123
0,33331_27@QuickStopPOS:QuickStopStation,Web123,"Quick Stop POS: Quick Stop Station",33331_27@QuickStopPOS:QuickStopStation,,,,0,"Quick Stop POS: Quick Stop Station",3333:1,0,,Jean,1,"Quick Stop POS: Quick Stop Station",Laura,"Quick Stop POS: Quick Stop Station",TRUE,FALSE,fresh,0,TRUE,,,Laura,Jean,"Quick Stop",',617-445-5555,',"10 Any St",,AnyCity,CT,55678-8978,Laura,Jean,"Quick Stop",USA,"10 Any St",,AnyCity,CT,55678-8978,,,,2019-01-01,P,3333:1
0,33331_27@QuickStopPOS:QuickStopStation,Web123,"Ready Mart POS: Soda Machine",33331_27@QuickStopPOS:QuickStopStation,,,,0,"Ready Mart POS: Soda Machine",3333:12,0,,,1,"Ready Mart POS: Soda Machine",,"Ready Mart POS: Soda Machine",TRUE,FALSE,fresh,0,TRUE,,,',',425010C,',617-445-5558,',"425012 Any St #2",,Anywhere425012,CT,55678-8980,,,425010C,USA,"425012 Any St #2",,Anywhere425012,CT,55678-8980,,,,2019-01-01,P,3333:12
0,sally@sallysstore.com,Web123,"Sally's Store POS: 2nd Floor Soda",sally@sallysstore.com,,,,0,"Sally's Store POS: 2nd Floor Soda",3333:13,0,,Jonson,1,"Sally's Store POS: 2nd Floor Soda",Sally,"Sally's Store POS: 2nd Floor Soda",TRUE,FALSE,fresh,0,TRUE,,,Sally,Jonson,"Sally's Store",',617-555-5556,',"425021 Any St",#2,Anywhere,CT,55678-8979,Sally,Jonson,"Sally's Store",USA,"425021 Any St",#2,Anywhere,CT,55678-8979,,,,2019-01-01,P,3333:13
0,sally@sallysstore.com,Web123,"Sally's Store POS: Sally's Store",sally@sallysstore.com,,,,0,"Sally's Store POS: Sally's Store",3333:4,0,,Jonson,1,"Sally's Store POS: Sally's Store",Sally,"Sally's Store POS: Sally's Store",TRUE,FALSE,fresh,0,TRUE,,,Sally,Jonson,"Sally's Store",',617-555-5556,',"425021 Any St",#2,Anywhere,CT,55678-8979,Sally,Jonson,"Sally's Store",USA,"425021 Any St",#2,Anywhere,CT,55678-8979,,,,2019-01-01,P,3333:4
0,33335@StreamwarePOS:FrontHallSnack,Web123,"Streamware POS: Front Hall Snack",33335@StreamwarePOS:FrontHallSnack,,,,0,"Streamware POS: Front Hall Snack",3333:14,0,,Rand,1,"Streamware POS: Front Hall Snack",Ayn,"Streamware POS: Front Hall Snack",TRUE,FALSE,fresh,0,TRUE,,,Ayn,Rand,',',',',',',Norwood,CO,',Ayn,Rand,"Sally's Store",USA,"425021 Any St",#2,Norwood,CO,55678-8979,,,,2019-01-01,P,3333:14
0,33335@StreamwarePOS:FrontHallSnack,Web123,"test POS: POS-01",33335@StreamwarePOS:FrontHallSnack,,,,0,"test POS: POS-01",3333:158,0,,,1,"test POS: POS-01",,"test POS: POS-01",TRUE,FALSE,fresh,0,TRUE,,,',',',',',',',',',',',,,"Sally's Store",USA,"425021 Any St",#2,Norwood,CO,55678-8979,,,,2019-01-01,P,3333:158
0,33335@StreamwarePOS:FrontHallSnack,Web123,"test POS: POS-02",33335@StreamwarePOS:FrontHallSnack,,,,0,"test POS: POS-02",3333:159,0,,,1,"test POS: POS-02",,"test POS: POS-02",TRUE,FALSE,fresh,0,TRUE,,,',',',',',',',',',',',,,"Sally's Store",USA,"425021 Any St",#2,Norwood,CO,55678-8979,,,,2019-01-01,P,3333:159
0,33335@StreamwarePOS:FrontHallSnack,Web123,"test1 POS: Pos_02",33335@StreamwarePOS:FrontHallSnack,,,,0,"test1 POS: Pos_02",3333:128,0,,,1,"test1 POS: Pos_02",,"test1 POS: Pos_02",TRUE,FALSE,fresh,0,TRUE,,,',',',',',',',',',',',,,"Sally's Store",USA,"425021 Any St",#2,Norwood,CO,55678-8979,,,,2019-01-01,P,3333:128
0,33335@StreamwarePOS:FrontHallSnack,Web123,"test1 POS: POS_03",33335@StreamwarePOS:FrontHallSnack,,,,0,"test1 POS: POS_03",3333:144,0,,,1,"test1 POS: POS_03",,"test1 POS: POS_03",TRUE,FALSE,fresh,0,TRUE,,,',',',',',',',',',',',,,"Sally's Store",USA,"425021 Any St",#2,Norwood,CO,55678-8979,,,,2019-01-01,P,3333:144
0,33335@StreamwarePOS:FrontHallSnack,Web123,"test1 POS: POS_04",33335@StreamwarePOS:FrontHallSnack,,,,0,"test1 POS: POS_04",3333:145,0,,,1,"test1 POS: POS_04",,"test1 POS: POS_04",TRUE,FALSE,fresh,0,TRUE,,,',',',',',',',',',',',,,"Sally's Store",USA,"425021 Any St",#2,Norwood,CO,55678-8979,,,,2019-01-01,P,3333:145
0,33335@StreamwarePOS:FrontHallSnack,Web123,"test1 POS: POS_05",33335@StreamwarePOS:FrontHallSnack,,,,0,"test1 POS: POS_05",3333:146,0,,,1,"test1 POS: POS_05",,"test1 POS: POS_05",TRUE,FALSE,fresh,0,TRUE,,,',',',',',',',',',',',,,"Sally's Store",USA,"425021 Any St",#2,Norwood,CO,55678-8979,,,,2019-01-01,P,3333:146
0,33335@StreamwarePOS:FrontHallSnack,Web123,"test1 POS: POS_06",33335@StreamwarePOS:FrontHallSnack,,,,0,"test1 POS: POS_06",3333:147,0,,,1,"test1 POS: POS_06",,"test1 POS: POS_06",TRUE,FALSE,fresh,0,TRUE,,,',',',',',',',',',',',,,"Sally's Store",USA,"425021 Any St",#2,Norwood,CO,55678-8979,,,,2019-01-01,P,3333:147
0,33335@StreamwarePOS:FrontHallSnack,Web123,"test1 POS: POS_07",33335@StreamwarePOS:FrontHallSnack,,,,0,"test1 POS: POS_07",3333:148,0,,,1,"test1 POS: POS_07",,"test1 POS: POS_07",TRUE,FALSE,fresh,0,TRUE,,,',',',',',',',',',',',,,"Sally's Store",USA,"425021 Any St",#2,Norwood,CO,55678-8979,,,,2019-01-01,P,3333:148
0,33335@StreamwarePOS:FrontHallSnack,Web123,"test1 POS: POS_08",33335@StreamwarePOS:FrontHallSnack,,,,0,"test1 POS: POS_08",3333:149,0,,,1,"test1 POS: POS_08",,"test1 POS: POS_08",TRUE,FALSE,fresh,0,TRUE,,,',',',',',',',',',',',,,"Sally's Store",USA,"425021 Any St",#2,Norwood,CO,55678-8979,,,,2019-01-01,P,3333:149
0,33335@StreamwarePOS:FrontHallSnack,Web123,"test1 POS: POS_09",33335@StreamwarePOS:FrontHallSnack,,,,0,"test1 POS: POS_09",3333:150,0,,,1,"test1 POS: POS_09",,"test1 POS: POS_09",TRUE,FALSE,fresh,0,TRUE,,,',',',',',',',',',',',,,"Sally's Store",USA,"425021 Any St",#2,Norwood,CO,55678-8979,,,,2019-01-01,P,3333:150
0,33335@StreamwarePOS:FrontHallSnack,Web123,"test1 POS: POS_10",33335@StreamwarePOS:FrontHallSnack,,,,0,"test1 POS: POS_10",3333:151,0,,,1,"test1 POS: POS_10",,"test1 POS: POS_10",TRUE,FALSE,fresh,0,TRUE,,,',',',',',',',',',',',,,"Sally's Store",USA,"425021 Any St",#2,Norwood,CO,55678-8979,,,,2019-01-01,P,3333:151
0,33335@StreamwarePOS:FrontHallSnack,Web123,"test1 POS: POS_11",33335@StreamwarePOS:FrontHallSnack,,,,0,"test1 POS: POS_11",3333:162,0,,,1,"test1 POS: POS_11",,"test1 POS: POS_11",TRUE,FALSE,fresh,0,TRUE,,,',',',',',',',',',',',,,"Sally's Store",USA,"425021 Any St",#2,Norwood,CO,55678-8979,,,,2019-01-01,P,3333:162
0,33335@StreamwarePOS:FrontHallSnack,Web123,"test1 POS: POS_12",33335@StreamwarePOS:FrontHallSnack,,,,0,"test1 POS: POS_12",3333:163,0,,,1,"test1 POS: POS_12",,"test1 POS: POS_12",TRUE,FALSE,fresh,0,TRUE,,,',',',',',',',',',',',,,"Sally's Store",USA,"425021 Any St",#2,Norwood,CO,55678-8979,,,,2019-01-01,P,3333:163
0,33335@StreamwarePOS:FrontHallSnack,Web123,"test1 POS: POS_13",33335@StreamwarePOS:FrontHallSnack,,,,0,"test1 POS: POS_13",3333:164,0,,,1,"test1 POS: POS_13",,"test1 POS: POS_13",TRUE,FALSE,fresh,0,TRUE,,,',',',',',',',',',',',,,"Sally's Store",USA,"425021 Any St",#2,Norwood,CO,55678-8979,,,,2019-01-01,P,3333:164
0,33335@StreamwarePOS:FrontHallSnack,Web123,"test1 POS: POS_14",33335@StreamwarePOS:FrontHallSnack,,,,0,"test1 POS: POS_14",3333:165,0,,,1,"test1 POS: POS_14",,"test1 POS: POS_14",TRUE,FALSE,fresh,0,TRUE,,,',',',',',',',',',',',,,"Sally's Store",USA,"425021 Any St",#2,Norwood,CO,55678-8979,,,,2019-01-01,P,3333:165
0,33335@StreamwarePOS:FrontHallSnack,Web123,"test1 POS: POS_15",33335@StreamwarePOS:FrontHallSnack,,,,0,"test1 POS: POS_15",3333:166,0,,,1,"test1 POS: POS_15",,"test1 POS: POS_15",TRUE,FALSE,fresh,0,TRUE,,,',',',',',',',',',',',,,"Sally's Store",USA,"425021 Any St",#2,Norwood,CO,55678-8979,,,,2019-01-01,P,3333:166
0,33335@StreamwarePOS:FrontHallSnack,Web123,"test1 POS: POS_16",33335@StreamwarePOS:FrontHallSnack,,,,0,"test1 POS: POS_16",3333:167,0,,,1,"test1 POS: POS_16",,"test1 POS: POS_16",TRUE,FALSE,fresh,0,TRUE,,,',',',',',',',',',',',,,"Sally's Store",USA,"425021 Any St",#2,Norwood,CO,55678-8979,,,,2019-01-01,P,3333:167
0,33335@StreamwarePOS:FrontHallSnack,Web123,"test1 POS: POS_17",33335@StreamwarePOS:FrontHallSnack,,,,0,"test1 POS: POS_17",3333:168,0,,,1,"test1 POS: POS_17",,"test1 POS: POS_17",TRUE,FALSE,fresh,0,TRUE,,,',',',',',',',',',',',,,"Sally's Store",USA,"425021 Any St",#2,Norwood,CO,55678-8979,,,,2019-01-01,P,3333:168
0,33335@StreamwarePOS:FrontHallSnack,Web123,"test1 POS: POS_18",33335@StreamwarePOS:FrontHallSnack,,,,0,"test1 POS: POS_18",3333:169,0,,,1,"test1 POS: POS_18",,"test1 POS: POS_18",TRUE,FALSE,fresh,0,TRUE,,,',',',',',',',',',',',,,"Sally's Store",USA,"425021 Any St",#2,Norwood,CO,55678-8979,,,,2019-01-01,P,3333:169
0,33335@StreamwarePOS:FrontHallSnack,Web123,"test1 POS: POS_19",33335@StreamwarePOS:FrontHallSnack,,,,0,"test1 POS: POS_19",3333:170,0,,,1,"test1 POS: POS_19",,"test1 POS: POS_19",TRUE,FALSE,fresh,0,TRUE,,,',',',',',',',',',',',,,"Sally's Store",USA,"425021 Any St",#2,Norwood,CO,55678-8979,,,,2019-01-01,P,3333:170
0,33335@StreamwarePOS:FrontHallSnack,Web123,"test1 POS: POS_20",33335@StreamwarePOS:FrontHallSnack,,,,0,"test1 POS: POS_20",3333:171,0,,,1,"test1 POS: POS_20",,"test1 POS: POS_20",TRUE,FALSE,fresh,0,TRUE,,,',',',',',',',',',',',,,"Sally's Store",USA,"425021 Any St",#2,Norwood,CO,55678-8979,,,,2019-01-01,P,3333:171
0,33335@StreamwarePOS:FrontHallSnack,Web123,"test1 POS: POS_21",33335@StreamwarePOS:FrontHallSnack,,,,0,"test1 POS: POS_21",3333:172,0,,,1,"test1 POS: POS_21",,"test1 POS: POS_21",TRUE,FALSE,fresh,0,TRUE,,,',',',',',',',',',',',,,"Sally's Store",USA,"425021 Any St",#2,Norwood,CO,55678-8979,,,,2019-01-01,P,3333:172
0,33335@StreamwarePOS:FrontHallSnack,Web123,"test1 POS: POS001",33335@StreamwarePOS:FrontHallSnack,,,,0,"test1 POS: POS001",3333:121,0,,,1,"test1 POS: POS001",,"test1 POS: POS001",TRUE,FALSE,fresh,0,TRUE,,,',',',',',',',',',',',,,"Sally's Store",USA,"425021 Any St",#2,Norwood,CO,55678-8979,,,,2019-01-01,P,3333:121
0,33335@StreamwarePOS:FrontHallSnack,Web123,"test2 POS: POS_01",33335@StreamwarePOS:FrontHallSnack,,,,0,"test2 POS: POS_01",3333:160,0,,,1,"test2 POS: POS_01",,"test2 POS: POS_01",TRUE,FALSE,fresh,0,TRUE,,,',',',',',',',',',',',,,"Sally's Store",USA,"425021 Any St",#2,Norwood,CO,55678-8979,,,,2019-01-01,P,3333:160
0,33335@StreamwarePOS:FrontHallSnack,Web123,"test2 POS: POS_02",33335@StreamwarePOS:FrontHallSnack,,,,0,"test2 POS: POS_02",3333:161,0,,,1,"test2 POS: POS_02",,"test2 POS: POS_02",TRUE,FALSE,fresh,0,TRUE,,,',',',',',',',',',',',,,"Sally's Store",USA,"425021 Any St",#2,Norwood,CO,55678-8979,,,,2019-01-01,P,3333:161
0,33335@StreamwarePOS:FrontHallSnack,Web123,"YMCA POS: 1455POS",33335@StreamwarePOS:FrontHallSnack,,,,0,"YMCA POS: 1455POS",3333:220,0,,,1,"YMCA POS: 1455POS",,"YMCA POS: 1455POS",TRUE,FALSE,fresh,0,TRUE,,,',',425010B,',617-445-5556,',"425011 Any St",#425011,Anywhere425011,CT,55678-8979,,,425010B,USA,"425011 Any St",#425011,Anywhere425011,CT,55678-8979,,,,2019-01-01,P,3333:220
0,33335@StreamwarePOS:FrontHallSnack,Web123,"YMCA POS: YMCA",33335@StreamwarePOS:FrontHallSnack,,,,0,"YMCA POS: YMCA",3333:2,0,,,1,"YMCA POS: YMCA",,"YMCA POS: YMCA",TRUE,FALSE,fresh,0,TRUE,,,',',425010B,',617-445-5556,',"425011 Any St",#425011,Anywhere425011,CT,55678-8979,,,425010B,USA,"425011 Any St",#425011,Anywhere425011,CT,55678-8979,,,,2019-01-01,P,3333:2
